新老品标签,投入分层,PID,SPU,shop_name,三级类目,叶子类目,店铺评分,首图 url,上架时间,商品卡日均占比,样品共资额度,可用库存,销量排名,是否在联盟,商品详情页URL,营销价,,,
60天新品,无消耗,1729863027153082563,S260629016140,XXINGWANG,女士下装,短裤,4.6,https://p16-she-va.ibyteimg.com/tos-alisg-i-f7lenjegsh-sg/dd7d69e74e4c45109f1832fff8c9101b~tplv-g9dfdl17fc-origin-image.image,2026-06-29,,无样品共资,801,排名4,In Affiliate,https://shop.tiktok.com/view/product/1729863027153082563?region=GB&locale=en,8.8,,,
60天新品,无消耗,1729855360498571479,S260617018955,YUNJINJ,女士连衣裙,休闲连衣裙,4.1,https://p16-she-va.ibyteimg.com/tos-alisg-i-f7lenjegsh-sg/c394d108f63f4b649610c66a58faa5c9~tplv-g9dfdl17fc-origin-image.image,2026-06-17,,无样品共资,813,排名15,In Affiliate,https://shop.tiktok.com/view/product/1729855360498571479?region=GB&locale=en,9.8,,,
60天新品,低消耗,1729852934522247229,S260613004947,Modish Moo,牛仔,牛仔连衣裙,4.4,https://p16-she-va.ibyteimg.com/tos-alisg-i-f7lenjegsh-sg/0b6662f37fcf4f0ba1144f62610b8977~tplv-g9dfdl17fc-origin-image.image,2026-06-13,,无样品共资,161,排名8,In Affiliate,https://shop.tiktok.com/view/product/1729852934522247229?region=GB&locale=en,24.6,,,
60天新品,无消耗,1729849586154969181,S260610032987,Comfortable Couture,女士连衣裙,休闲连衣裙,4.5,https://p16-she-va.ibyteimg.com/tos-alisg-i-f7lenjegsh-sg/03dce29b439c4ec1a7fdb55adc333412~tplv-g9dfdl17fc-origin-image.image,2026-06-10,,无样品共资,245,排名31,In Affiliate,https://shop.tiktok.com/view/product/1729849586154969181?region=GB&locale=en,8.0,,,
60天新品,低消耗,1729865734447077740,S260629022662,Fox Claw CURVE ONE,连体衣,连体裤,4,https://p16-she-va.ibyteimg.com/tos-alisg-i-f7lenjegsh-sg/5f1cbd7d8b584fceb31a134a106ade38~tplv-g9dfdl17fc-origin-image.image,2026-07-04,内容场占比低,有样品额度,202,排名48,In Affiliate,https://shop.tiktok.com/view/product/1729865734447077740?region=GB&locale=en,8.0,,,
60天新品,高投入,1729846075418122583,S260608024692,FOXCLAW Curve,女士上装,女士衬衫,4.2,https://p16-she-va.ibyteimg.com/tos-alisg-i-f7lenjegsh-sg/09a3d7c76e834bf0b2f1f657a77602f7~tplv-g9dfdl17fc-origin-image.image,2026-06-20,,有样品额度,248,排名45,In Affiliate,https://shop.tiktok.com/view/product/1729846075418122583?region=GB&locale=en,9.4,,,
60天新品,低消耗,1729860326069410156,S260624022074,Fox Claw CURVE ONE,女士上装,女士衬衫,4,https://p16-she-va.ibyteimg.com/tos-alisg-i-f7lenjegsh-sg/5707e694a170475ca8f52236672d64ab~tplv-g9dfdl17fc-origin-image.image,2026-07-01,,有样品额度,185,排名55,In Affiliate,https://shop.tiktok.com/view/product/1729860326069410156?region=GB&locale=en,7.3,,,
60天新品,高投入,1729854120034146960,S260615031139,LILI.AN.SHOP,女士上装,女士衬衫,4.2,https://p16-she-va.ibyteimg.com/tos-alisg-i-f7lenjegsh-sg/0a285fd2c3c749c6a83ddb55a94e5132~tplv-g9dfdl17fc-origin-image.image,2026-06-23,,无样品共资,45,排名50,In Affiliate,https://shop.tiktok.com/view/product/1729854120034146960?region=GB&locale=en,9.6,,,
60天新品,高投入,1729851844258994832,S260610008889,LILI.AN.SHOP,女士套装及西服,长裤套装,4.2,https://p16-she-va.ibyteimg.com/tos-alisg-i-f7lenjegsh-sg/7c887d1f54694907b89192f691abfbef~tplv-g9dfdl17fc-origin-image.image,2026-06-22,,无样品共资,86,排名46,In Affiliate,https://shop.tiktok.com/view/product/1729851844258994832?region=GB&locale=en,13.6,,,
60天新品,无消耗,1729863237321923490,S260629033905,BaiYiBS,女士连衣裙,休闲连衣裙,4.2,https://p16-she-va.ibyteimg.com/tos-alisg-i-f7lenjegsh-sg/b5a264bec8c64fa38a4b0e4e4d3ec71f~tplv-g9dfdl17fc-origin-image.image,2026-06-29,,无样品共资,1962,排名58,In Affiliate,https://shop.tiktok.com/view/product/1729863237321923490?region=GB&locale=en,11.6,,,
60天新品,无消耗,1729871118593727420,S260712001983,Denim Bloom,牛仔,牛仔外套,4.4,https://p16-she-va.ibyteimg.com/tos-alisg-i-f7lenjegsh-sg/56f74d29e8cc4baeb16b17eaeaf8ca51~tplv-g9dfdl17fc-origin-image.image,2026-07-14,内容场占比低,无样品共资,80,排名56,In Affiliate,https://shop.tiktok.com/view/product/1729871118593727420?region=GB&locale=en,17.1,,,
60天新品,无消耗,1729863865618963008,S260630021902,JYLINN Cruve,连体衣,连体裤,4.5,https://p16-she-va.ibyteimg.com/tos-alisg-i-f7lenjegsh-sg/a21c3558195044b3ab680902cd2d15c2~tplv-g9dfdl17fc-origin-image.image,2026-07-04,,无样品共资,26,排名57,In Affiliate,https://shop.tiktok.com/view/product/1729863865618963008?region=GB&locale=en,24.6,,,
60天新品,无消耗,1729859658652424386,S260624021799,Xbbyy,女士上装,女士 T 恤,4.5,https://p16-she-va.ibyteimg.com/tos-alisg-i-f7lenjegsh-sg/6c53cc0d8fce4378b75173727fdb6bb0~tplv-g9dfdl17fc-origin-image.image,2026-06-27,内容场占比低,有样品额度,46,排名83,In Affiliate,https://shop.tiktok.com/view/product/1729859658652424386?region=GB&locale=en,8.6,,,
60天新品,无消耗,1729877120954505707,S260720024520,Finjani Plus,女士针织衫,毛衣开衫,4.6,https://p16-she-va.ibyteimg.com/tos-alisg-i-f7lenjegsh-sg/5156a340bd9f49469c6131414f1230c2~tplv-g9dfdl17fc-origin-image.image,2026-07-20,内容场占比低,无样品共资,401,排名66,In Affiliate,https://shop.tiktok.com/view/product/1729877120954505707?region=GB&locale=en,12.4,,,
60天新品,无消耗,1729854266364893423,S260615038847,Elegant Chic Closet,女士套装及西服,长裤套装,4.2,https://p16-she-va.ibyteimg.com/tos-alisg-i-f7lenjegsh-sg/40de24cfd2f34136856624a10e198ca2~tplv-g9dfdl17fc-origin-image.image,2026-06-22,内容场占比低,有样品额度,21,排名79,In Affiliate,https://shop.tiktok.com/view/product/1729854266364893423?region=GB&locale=en,12.8,,,
60天新品,高投入,1729854115108985488,S260615030643,LILI.AN.SHOP,女士连衣裙,休闲连衣裙,4.2,https://p16-she-va.ibyteimg.com/tos-alisg-i-f7lenjegsh-sg/1890526d6724453394a1e83716ad2c13~tplv-g9dfdl17fc-origin-image.image,2026-06-25,内容场占比低,无样品共资,41,排名78,In Affiliate,https://shop.tiktok.com/view/product/1729854115108985488?region=GB&locale=en,10.6,,,
60天新品,高投入,1729845977121331543,S260608013163,FOXCLAW Curve,女士上装,女士衬衫,4.2,https://p16-she-va.ibyteimg.com/tos-alisg-i-f7lenjegsh-sg/983ce2e897874c8ba6fc3dd9655d1a34~tplv-g9dfdl17fc-origin-image.image,2026-06-11,,有样品额度,268,排名92,In Affiliate,https://shop.tiktok.com/view/product/1729845977121331543?region=GB&locale=en,11.0,,,
60天新品,高投入,1729854131537484432,S260615031544,LILI.AN.SHOP,女士套装及西服,长裤套装,4.2,https://p16-she-va.ibyteimg.com/tos-alisg-i-f7lenjegsh-sg/2cc8fd2a445d4409898d652d65d3f7eb~tplv-g9dfdl17fc-origin-image.image,2026-06-23,,无样品共资,51,排名73,In Affiliate,https://shop.tiktok.com/view/product/1729854131537484432?region=GB&locale=en,13.7,,,
60天新品,无消耗,1729856350796355757,S260618033407,ZIZI Sweater,女士上装,女士衬衫,4.4,https://p16-she-va.ibyteimg.com/tos-alisg-i-f7lenjegsh-sg/970772953d2942b4b008acce35e1b3d3~tplv-g9dfdl17fc-origin-image.image,2026-07-05,内容场占比低,无样品共资,80,排名109,In Affiliate,https://shop.tiktok.com/view/product/1729856350796355757?region=GB&locale=en,12.1,,,
60天新品,无消耗,1729876062994078093,S260718011686,Rusttydustty Curve,女士连衣裙,休闲连衣裙,4.4,https://p16-she-va.ibyteimg.com/tos-alisg-i-f7lenjegsh-sg/ccf10b77a44a4f828c2a85691b4cb042~tplv-g9dfdl17fc-origin-image.image,2026-07-22,内容场占比低,有样品额度,61,排名106,,https://shop.tiktok.com/view/product/1729876062994078093?region=GB&locale=en,17.9,,,
60天新品,低消耗,1729854040474687708,S260615021307,ZOHRA,女士下装,紧身裤,4.5,https://p16-she-va.ibyteimg.com/tos-alisg-i-f7lenjegsh-sg/43703b48bf244eceb4020e4022f6d41b~tplv-g9dfdl17fc-origin-image.image,2026-06-15,内容场占比低,有样品额度,213,排名102,In Affiliate,https://shop.tiktok.com/view/product/1729854040474687708?region=GB&locale=en,19.0,,,
60天新品,高投入,1729860422444751191,S260625021925,FOXCLAW Curve,女士上装,女士衬衫,4.2,https://p16-she-va.ibyteimg.com/tos-alisg-i-f7lenjegsh-sg/69339360022f4479a845fc2d2e5d9fd2~tplv-g9dfdl17fc-origin-image.image,2026-07-13,内容场占比低,无样品共资,165,排名87,In Affiliate,https://shop.tiktok.com/view/product/1729860422444751191?region=GB&locale=en,6.7,,,
60天新品,无消耗,1729871776548100904,S260710015133,BaiAAA factory,女士上装,女士 T 恤,4,https://p16-she-va.ibyteimg.com/tos-alisg-i-f7lenjegsh-sg/750ba5e94f844bb8a2ee081c44843137~tplv-g9dfdl17fc-origin-image.image,2026-07-13,内容场占比低,无样品共资,74968,排名88,In Affiliate,https://shop.tiktok.com/view/product/1729871776548100904?region=GB&locale=en,15.5,,,
60天新品,低消耗,1729819464668846144,S260429024840,CHILL SKILL,女士下装,长裤,4.8,https://p16-she-va.ibyteimg.com/tos-alisg-i-f7lenjegsh-sg/95135e859239447091acbe9fe92a579d~tplv-g9dfdl17fc-origin-image.image,2026-06-20,内容场占比低,无样品共资,39,排名97,In Affiliate,https://shop.tiktok.com/view/product/1729819464668846144?region=GB&locale=en,9.6,,,
60天新品,低消耗,1729850314847591322,S260610023388,Tide Denim,牛仔,牛仔长裤,4.4,https://p16-she-va.ibyteimg.com/tos-alisg-i-f7lenjegsh-sg/3430fda9de5047f8bcc9bc2f915a601b~tplv-g9dfdl17fc-origin-image.image,2026-06-19,内容场占比低,无样品共资,23,排名99,In Affiliate,https://shop.tiktok.com/view/product/1729850314847591322?region=GB&locale=en,19.0,,,
60天新品,无消耗,1729844041691011660,S260606012095,XGZ Clothing Stores,女士连衣裙,休闲连衣裙,4.5,https://p16-she-va.ibyteimg.com/tos-alisg-i-f7lenjegsh-sg/b15a91525b8d46dd8d3041e249050c9e~tplv-g9dfdl17fc-origin-image.image,2026-06-09,内容场占比低,有样品额度,76,排名96,In Affiliate,https://shop.tiktok.com/view/product/1729844041691011660?region=GB&locale=en,11.4,,,
60天新品,低消耗,1729868195489093705,S260707037689,Easy Buy Relax,女士套装及西服,连衣裙套装,4.2,https://p16-she-va.ibyteimg.com/tos-alisg-i-f7lenjegsh-sg/a8698fd0d1314c3e8043fd2e0eb74fd9~tplv-g9dfdl17fc-origin-image.image,2026-07-15,内容场占比低,无样品共资,113,排名84,In Affiliate,https://shop.tiktok.com/view/product/1729868195489093705?region=GB&locale=en,20.9,,,
60天新品,无消耗,1729863037431225000,S260629018001,ChicStylish Denim,牛仔,牛仔长裤,4.7,https://p16-she-va.ibyteimg.com/tos-alisg-i-f7lenjegsh-sg/5886fd626d804a30a0af4f67f6fdab75~tplv-g9dfdl17fc-origin-image.image,2026-07-04,内容场占比低,有样品额度,27,排名98,In Affiliate,https://shop.tiktok.com/view/product/1729863037431225000?region=GB&locale=en,18.3,,,
60天新品,低消耗,1729842958162303037,S260605027039,Modish Moo,牛仔,牛仔连衣裙,4.4,https://p16-she-va.ibyteimg.com/tos-alisg-i-f7lenjegsh-sg/91fa53ef34f64537ae2dc45c2f7587db~tplv-g9dfdl17fc-origin-image.image,2026-06-05,内容场占比低,样品额度低,187,排名91,In Affiliate,https://shop.tiktok.com/view/product/1729842958162303037?region=GB&locale=en,16.7,,,
60天新品,无消耗,1729868025414327080,S260707023050,BaiAAA factory,女士上装,女士 T 恤,4,https://p16-she-va.ibyteimg.com/tos-alisg-i-f7lenjegsh-sg/b25b8313d57d4906b216024f0f2f9d47~tplv-g9dfdl17fc-origin-image.image,2026-07-07,内容场占比低,无样品共资,44964,排名112,In Affiliate,https://shop.tiktok.com/view/product/1729868025414327080?region=GB&locale=en,18.2,,,
60天新品,无消耗,1729852576412506292,S260612031780,Chic& Classic,女士下装,短裤,4.4,https://p16-she-va.ibyteimg.com/tos-alisg-i-f7lenjegsh-sg/1daf02eabfe5411d817280f4a185ac8e~tplv-g9dfdl17fc-origin-image.image,2026-07-14,内容场占比低,无样品共资,33,排名103,In Affiliate,https://shop.tiktok.com/view/product/1729852576412506292?region=GB&locale=en,12.5,,,
60天新品,低消耗,1729842889958332526,S260605022823,Soft Frame,女士套装及西服,短裤套装,4.7,https://p16-she-va.ibyteimg.com/tos-alisg-i-f7lenjegsh-sg/f40543a3664b489bbc78152dd98720ca~tplv-g9dfdl17fc-origin-image.image,2026-06-13,内容场占比低,有样品额度,22,排名82,In Affiliate,https://shop.tiktok.com/view/product/1729842889958332526?region=GB&locale=en,19.0,,,
60天新品,高投入,1729839787121547607,S260602005805,FOXCLAW Curve,女士连衣裙,休闲连衣裙,4.2,https://p16-she-va.ibyteimg.com/tos-alisg-i-f7lenjegsh-sg/c23853b6c2d046038117f606d59ee6bf~tplv-g9dfdl17fc-origin-image.image,2026-06-08,内容场占比低,有样品额度,177,排名110,In Affiliate,https://shop.tiktok.com/view/product/1729839787121547607?region=GB&locale=en,11.1,,,
60天新品,无消耗,1729871949258267115,S260713016884,Finjani Plus,女士套装及西服,长裤套装,4.6,https://p16-she-va.ibyteimg.com/tos-alisg-i-f7lenjegsh-sg/b74f8fe1a03f4a6c9d44142e9531a793~tplv-g9dfdl17fc-origin-image.image,2026-07-13,内容场占比低,无样品共资,60,排名101,In Affiliate,https://shop.tiktok.com/view/product/1729871949258267115?region=GB&locale=en,19.1,,,
60天新品,无消耗,1729852594355804461,S260612032404,Classic & Elegant,女士上装,女士背心&吊带衫,4.5,https://p16-she-va.ibyteimg.com/tos-alisg-i-f7lenjegsh-sg/a2112b67cb7641d682f85c249fa501f9~tplv-g9dfdl17fc-origin-image.image,2026-06-14,内容场占比低,无样品共资,1349,排名115,In Affiliate,https://shop.tiktok.com/view/product/1729852594355804461?region=GB&locale=en,11.1,,,
60天新品,准备投入,1729861941581813921,S260627014029,Muse Plus,连体衣,连体裤,4.3,https://p16-she-va.ibyteimg.com/tos-alisg-i-f7lenjegsh-sg/63c194d2a4304139832e2e853179838a~tplv-g9dfdl17fc-origin-image.image,2026-06-27,内容场占比低,无样品共资,157,排名107,In Affiliate,https://shop.tiktok.com/view/product/1729861941581813921?region=GB&locale=en,17.4,,,
60天新品,无消耗,1729876960176216555,S260720009456,Finjani Plus,女士套装及西服,长裤套装,4.6,https://p16-she-va.ibyteimg.com/tos-alisg-i-f7lenjegsh-sg/293b9a9451d6492585369c85ef030993~tplv-g9dfdl17fc-origin-image.image,2026-07-20,内容场占比低,无样品共资,254,排名85,,https://shop.tiktok.com/view/product/1729876960176216555?region=GB&locale=en,21.6,,,
60天新品,无消耗,1729862747500484998,S260629000351,Call You Tonight,女士连衣裙,休闲连衣裙,4.4,https://p16-she-va.ibyteimg.com/tos-alisg-i-f7lenjegsh-sg/4c8dddc40874424ebd6baf58d11bc22e~tplv-g9dfdl17fc-origin-image.image,2026-06-29,内容场占比低,无样品共资,814,排名108,In Affiliate,https://shop.tiktok.com/view/product/1729862747500484998?region=GB&locale=en,20.2,,,
60天新品,高投入,1729855138467912023,S260617005669,FOXCLAW Curve,牛仔,牛仔长裤,4.2,https://p16-she-va.ibyteimg.com/tos-alisg-i-f7lenjegsh-sg/8dd0c19aca324c1d8e67a449f63c985c~tplv-g9dfdl17fc-origin-image.image,2026-06-22,内容场占比低,无样品共资,107,排名126,In Affiliate,https://shop.tiktok.com/view/product/1729855138467912023?region=GB&locale=en,14.8,,,
60天新品,无消耗,1729870550426884587,S260711006984,Finjani Plus,女士上装,女士休闲夹克和外套,4.6,https://p16-she-va.ibyteimg.com/tos-alisg-i-f7lenjegsh-sg/c327e6aea5b3494493d0b178963d9906~tplv-g9dfdl17fc-origin-image.image,2026-07-11,内容场占比低,无样品共资,694,排名104,In Affiliate,https://shop.tiktok.com/view/product/1729870550426884587?region=GB&locale=en,14.0,,,
60天新品,低消耗,1729863638786087276,S260630007191,Fox Claw CURVE ONE,女士下装,长裤,4,https://p16-she-va.ibyteimg.com/tos-alisg-i-f7lenjegsh-sg/230ecbb709af49c087fc93eb1eca8d8e~tplv-g9dfdl17fc-origin-image.image,2026-07-01,内容场占比低,有样品额度,39,排名140,In Affiliate,https://shop.tiktok.com/view/product/1729863638786087276?region=GB&locale=en,8.6,,,
60天新品,无消耗,1729849078378174955,S260610003800,Finjani Plus,女士上装,女士衬衫,4.6,https://p16-she-va.ibyteimg.com/tos-alisg-i-f7lenjegsh-sg/7da941ca29fd4415adc1c5c0e029deb7~tplv-g9dfdl17fc-origin-image.image,2026-06-10,,无样品共资,40,排名93,In Affiliate,https://shop.tiktok.com/view/product/1729849078378174955?region=GB&locale=en,18.5,,,
60天新品,无消耗,1729865279826860441,S260702027190,Bargain Chic,女士上装,女士休闲夹克和外套,4.4,https://p16-she-va.ibyteimg.com/tos-alisg-i-f7lenjegsh-sg/e3561c0544344cc3bff482e8200b5cc6~tplv-g9dfdl17fc-origin-image.image,2026-07-02,内容场占比低,无样品共资,4980,排名180,In Affiliate,https://shop.tiktok.com/view/product/1729865279826860441?region=GB&locale=en,10.5,,,
60天新品,低消耗,1729879482666424540,S260723024641,ZOHRA,女士上装,女士毛绒夹克,4.5,https://p16-she-va.ibyteimg.com/tos-alisg-i-f7lenjegsh-sg/cdfbef64222d4e8d853748a2d446d5d4~tplv-g9dfdl17fc-origin-image.image,2026-07-23,内容场占比低,有样品额度,388,排名250,,https://shop.tiktok.com/view/product/1729879482666424540?region=GB&locale=en,12.0,,,
60天新品,无消耗,1729863846305568941,S260630019245,ZIZI Sweater,女士上装,女士 Polo 衫,4.4,https://p16-she-va.ibyteimg.com/tos-alisg-i-f7lenjegsh-sg/bad5c18f91f9498997037ff97e3cb5aa~tplv-g9dfdl17fc-origin-image.image,2026-07-08,内容场占比低,无样品共资,31,排名292,In Affiliate,https://shop.tiktok.com/view/product/1729863846305568941?region=GB&locale=en,10.4,,,
60天新品,低消耗,1729862930677340524,S260629009398,Fox Claw CURVE ONE,女士下装,长裤,4,https://p16-she-va.ibyteimg.com/tos-alisg-i-f7lenjegsh-sg/c6c79ca0da0248228bbc4c9de08db51d~tplv-g9dfdl17fc-origin-image.image,2026-07-05,,有样品额度,30,排名156,In Affiliate,https://shop.tiktok.com/view/product/1729862930677340524?region=GB&locale=en,7.8,,,
60天新品,准备投入,1729862032403044513,S260627024372,Muse Plus,连体衣,连体裤,4.3,https://p16-she-va.ibyteimg.com/tos-alisg-i-f7lenjegsh-sg/3be5b2a1b4014d50a07e05567b27fd58~tplv-g9dfdl17fc-origin-image.image,2026-06-27,内容场占比低,无样品共资,163,排名124,In Affiliate,https://shop.tiktok.com/view/product/1729862032403044513?region=GB&locale=en,15.3,,,
60天新品,低消耗,1729871171837859913,S260710036183,Easy Buy Relax,女士套装及西服,长裤套装,4.2,https://p16-she-va.ibyteimg.com/tos-alisg-i-f7lenjegsh-sg/1d6344dcc6c849f6b65d74b79501fe89~tplv-g9dfdl17fc-origin-image.image,2026-07-18,内容场占比低,库存不满足,26,排名100,In Affiliate,https://shop.tiktok.com/view/product/1729871171837859913?region=GB&locale=en,18.9,,,
60天新品,准备投入,1729883526866770081,S260729029266,Muse Plus,女士下装,长裤,4.3,https://p16-she-va.ibyteimg.com/tos-alisg-i-f7lenjegsh-sg/6ff81dfaa1ac4572a47bbb2efa9cae06~tplv-g9dfdl17fc-origin-image.image,2026-07-30,内容场占比低,无样品共资,80,排名150,,https://shop.tiktok.com/view/product/1729883526866770081?region=GB&locale=en,10.5,,,
60天新品,准备投入,1729852586248804513,S260611023255,Muse Plus,女士下装,半身裙,4.3,https://p16-she-va.ibyteimg.com/tos-alisg-i-f7lenjegsh-sg/4085ba6be6254bbfa762548fa965776c~tplv-g9dfdl17fc-origin-image.image,2026-06-12,内容场占比低,有样品额度,771,排名121,In Affiliate,https://shop.tiktok.com/view/product/1729852586248804513?region=GB&locale=en,15.3,,,
60天新品,低消耗,1729860108221061181,S260625004986,Modish Moo,牛仔,牛仔背带&连体裤,4.4,https://p16-she-va.ibyteimg.com/tos-alisg-i-f7lenjegsh-sg/ff0bec58cdc44d05b941acc3182badd9~tplv-g9dfdl17fc-origin-image.image,2026-07-07,内容场占比低,有样品额度,92,排名129,In Affiliate,https://shop.tiktok.com/view/product/1729860108221061181?region=GB&locale=en,22.2,,,
60天新品,低消耗,1729863046832560492,S260629019550,Fox Claw CURVE ONE,女士连衣裙,休闲连衣裙,4,https://p16-she-va.ibyteimg.com/tos-alisg-i-f7lenjegsh-sg/23de7b16bb6043e1bed47edd6c33653d~tplv-g9dfdl17fc-origin-image.image,2026-07-02,内容场占比低,无样品共资,45,排名144,In Affiliate,https://shop.tiktok.com/view/product/1729863046832560492?region=GB&locale=en,11.7,,,
60天新品,无消耗,1729853058719127725,S260613021711,ZIZI Sweater,女士上装,女士衬衫,4.4,https://p16-she-va.ibyteimg.com/tos-alisg-i-f7lenjegsh-sg/8b96c7b056034550b01d90b463ffa56d~tplv-g9dfdl17fc-origin-image.image,2026-06-27,内容场占比低,无样品共资,126,排名149,In Affiliate,https://shop.tiktok.com/view/product/1729853058719127725?region=GB&locale=en,11.5,,,
60天新品,无消耗,1729852849579727339,S260613002810,Finjani Plus,女士上装,女士衬衫,4.6,https://p16-she-va.ibyteimg.com/tos-alisg-i-f7lenjegsh-sg/e8c8fc053cdf44249f5dd2475f58f199~tplv-g9dfdl17fc-origin-image.image,2026-06-13,,无样品共资,75,排名131,In Affiliate,https://shop.tiktok.com/view/product/1729852849579727339?region=GB&locale=en,12.8,,,
60天新品,低消耗,1729871272287967596,S260712013424,Fox Claw CURVE ONE,连体衣,连体裤,4,https://p16-she-va.ibyteimg.com/tos-alisg-i-f7lenjegsh-sg/8d54a004632942dcaa13858447a437d6~tplv-g9dfdl17fc-origin-image.image,2026-07-17,内容场占比低,有样品额度,113,排名152,In Affiliate,https://shop.tiktok.com/view/product/1729871272287967596?region=GB&locale=en,8.6,,,
60天新品,低消耗,1729851207186422682,S260611022491,Tide Denim,牛仔,牛仔长裤,4.4,https://p16-she-va.ibyteimg.com/tos-alisg-i-f7lenjegsh-sg/28b46feb31dd4c14b334f32a64204a89~tplv-g9dfdl17fc-origin-image.image,2026-07-09,内容场占比低,无样品共资,47,排名134,In Affiliate,https://shop.tiktok.com/view/product/1729851207186422682?region=GB&locale=en,13.5,,,
60天新品,无消耗,1729873960165874313,S260715032364,.Home sweet home,女士上装,女士背心&吊带衫,4.5,https://p16-she-va.ibyteimg.com/tos-alisg-i-f7lenjegsh-sg/ea3e265dbf6048ad943703e5d805d22c~tplv-g9dfdl17fc-origin-image.image,2026-07-16,内容场占比低,无样品共资,164,排名181,In Affiliate,https://shop.tiktok.com/view/product/1729873960165874313?region=GB&locale=en,7.9,,,
60天新品,无消耗,1729868598237763623,S260708014112,Finjani BoldCurve,女士套装及西服,长裤套装,4,https://p16-she-va.ibyteimg.com/tos-alisg-i-f7lenjegsh-sg/981f3696e56e4b518f9c7b4f0f065db7~tplv-g9dfdl17fc-origin-image.image,2026-07-08,内容场占比低,无样品共资,278,排名154,In Affiliate,https://shop.tiktok.com/view/product/1729868598237763623?region=GB&locale=en,19.5,,,
60天新品,无消耗,1729881284754381333,S260726019846,Feng Yi Clothing,女士上装,女士 T 恤,,https://p16-she-va.ibyteimg.com/tos-alisg-i-f7lenjegsh-sg/8a1c00adc42f42e897d86a9019ebbecc~tplv-g9dfdl17fc-origin-image.image,2026-07-26,内容场占比低,无样品共资,98,排名163,,https://shop.tiktok.com/view/product/1729881284754381333?region=GB&locale=en,7.5,,,
60天新品,无消耗,1729865255979162091,S260702023762,Finjani Plus,女士连衣裙,休闲连衣裙,4.6,https://p16-she-va.ibyteimg.com/tos-alisg-i-f7lenjegsh-sg/ba5addc0bb0b445c8601d51684df76bf~tplv-g9dfdl17fc-origin-image.image,2026-07-02,内容场占比低,无样品共资,137,排名145,In Affiliate,https://shop.tiktok.com/view/product/1729865255979162091?region=GB&locale=en,17.6,,,
60天新品,无消耗,1729847779879524855,S260609034306,SEETMR,女士下装,长裤,4.4,https://p16-she-va.ibyteimg.com/tos-alisg-i-f7lenjegsh-sg/19975eadf37a43408be11739f8e27a55~tplv-g9dfdl17fc-origin-image.image,2026-06-11,内容场占比低,有样品额度,239,排名127,In Affiliate,https://shop.tiktok.com/view/product/1729847779879524855?region=GB&locale=en,16.1,,,
60天新品,无消耗,1729860990471871029,S260626000670,Finjani Plus Dress,女士连衣裙,休闲连衣裙,,https://p16-she-va.ibyteimg.com/tos-alisg-i-f7lenjegsh-sg/f36747a666634b47b68b479358310d47~tplv-g9dfdl17fc-origin-image.image,2026-06-29,内容场占比低,无样品共资,69,排名132,In Affiliate,https://shop.tiktok.com/view/product/1729860990471871029?region=GB&locale=en,17.5,,,
60天新品,无消耗,1729861123814169067,S260626008207,Finjani Plus,女士套装及西服,长裤套装,4.6,https://p16-she-va.ibyteimg.com/tos-alisg-i-f7lenjegsh-sg/6d173955ebea4b58b4394c8d4babaeb2~tplv-g9dfdl17fc-origin-image.image,2026-06-26,内容场占比低,无样品共资,57,排名128,In Affiliate,https://shop.tiktok.com/view/product/1729861123814169067?region=GB&locale=en,23.1,,,
60天新品,无消耗,1729853041957640841,S260613015151,.Home sweet home,女士套装及西服,女士西装外套,4.5,https://p16-she-va.ibyteimg.com/tos-alisg-i-f7lenjegsh-sg/010f6420e80e4f4b849491c930824911~tplv-g9dfdl17fc-origin-image.image,2026-06-18,内容场占比低,无样品共资,90,排名137,In Affiliate,https://shop.tiktok.com/view/product/1729853041957640841?region=GB&locale=en,14.6,,,
60天新品,低消耗,1729868329148783319,S260707030857,Coveira Mode,女士连衣裙,休闲连衣裙,4.2,https://p16-she-va.ibyteimg.com/tos-alisg-i-f7lenjegsh-sg/f794b9c4f64f4cd3911521235c2094ce~tplv-g9dfdl17fc-origin-image.image,2026-07-08,内容场占比低,无样品共资,579,排名192,In Affiliate,https://shop.tiktok.com/view/product/1729868329148783319?region=GB&locale=en,11.1,,,
60天新品,无消耗,1729875541472352980,S260717028068,YIMANSHA Closet,女士针织衫,毛衣开衫,4.5,https://p16-she-va.ibyteimg.com/tos-alisg-i-f7lenjegsh-sg/48192e20cdc244d8aa9e7b35613eaa76~tplv-g9dfdl17fc-origin-image.image,2026-07-25,内容场占比低,无样品共资,242,排名139,,https://shop.tiktok.com/view/product/1729875541472352980?region=GB&locale=en,13.5,,,
60天新品,低消耗,1729846454310639689,S260608006668,Easy Buy Relax,女士套装及西服,长裤套装,4.2,https://p16-she-va.ibyteimg.com/tos-alisg-i-f7lenjegsh-sg/74c50e6ac8f54b0f86c63fd3b1abc0cd~tplv-g9dfdl17fc-origin-image.image,2026-06-15,内容场占比低,有样品额度,189,排名168,In Affiliate,https://shop.tiktok.com/view/product/1729846454310639689?region=GB&locale=en,19.4,,,
60天新品,无消耗,1729858107556534333,S260622012694,Chic Saddle,牛仔,牛仔马甲,,https://p16-she-va.ibyteimg.com/tos-alisg-i-f7lenjegsh-sg/ec608d35ec874087bc978ae13443bd00~tplv-g9dfdl17fc-origin-image.image,2026-06-22,内容场占比低,有样品额度,198,排名293,In Affiliate,https://shop.tiktok.com/view/product/1729858107556534333?region=GB&locale=en,14.3,,,
60天新品,无消耗,1729877711822035435,S260721009418,Finjani Plus,女士套装及西服,长裤套装,4.6,https://p16-she-va.ibyteimg.com/tos-alisg-i-f7lenjegsh-sg/ce94601408fd4280baf0ed018ab26780~tplv-g9dfdl17fc-origin-image.image,2026-07-21,内容场占比低,无样品共资,144,排名138,,https://shop.tiktok.com/view/product/1729877711822035435?region=GB&locale=en,21.6,,,
60天新品,低消耗,1729862023684397783,S260627024009,Coveira Mode,女士连衣裙,休闲连衣裙,4.2,https://p16-she-va.ibyteimg.com/tos-alisg-i-f7lenjegsh-sg/3e569988f75243d0bda224e841cc1923~tplv-g9dfdl17fc-origin-image.image,2026-06-27,内容场占比低,无样品共资,829,排名161,In Affiliate,https://shop.tiktok.com/view/product/1729862023684397783?region=GB&locale=en,19.5,,,
60天新品,低消耗,1729858198019151936,S260622023960,CHILL SKILL,女士下装,紧身裤,4.8,https://p16-she-va.ibyteimg.com/tos-alisg-i-f7lenjegsh-sg/8b2a819c485f45f6bfae27709d7798be~tplv-g9dfdl17fc-origin-image.image,2026-07-02,内容场占比低,库存不满足,26,排名170,In Affiliate,https://shop.tiktok.com/view/product/1729858198019151936?region=GB&locale=en,11.2,,,
60天新品,高投入,1729847208450234711,S260609018798,FOXCLAW Curve,女士下装,短裤,4.2,https://p16-she-va.ibyteimg.com/tos-alisg-i-f7lenjegsh-sg/bb2f29ea370940f684fd72173c7ea750~tplv-g9dfdl17fc-origin-image.image,2026-06-11,内容场占比低,有样品额度,40,排名194,In Affiliate,https://shop.tiktok.com/view/product/1729847208450234711?region=GB&locale=en,9.6,,,
60天新品,准备投入,1729864590778931361,S260701023441,Muse Plus,女士套装及西服,长裤套装,4.3,https://p16-she-va.ibyteimg.com/tos-alisg-i-f7lenjegsh-sg/a53a039e5b2146fd87cdcb5fbbbfb208~tplv-g9dfdl17fc-origin-image.image,2026-07-01,内容场占比低,无样品共资,166,排名151,In Affiliate,https://shop.tiktok.com/view/product/1729864590778931361?region=GB&locale=en,18.9,,,
60天新品,准备投入,1729852786863347873,S260611028364,Muse Plus,女士上装,女士衬衫,4.3,https://p16-she-va.ibyteimg.com/tos-alisg-i-f7lenjegsh-sg/fb5042ef6e26461c9b3056dbee44c148~tplv-g9dfdl17fc-origin-image.image,2026-06-13,,无样品共资,203,排名160,In Affiliate,https://shop.tiktok.com/view/product/1729852786863347873?region=GB&locale=en,11.7,,,
60天新品,准备投入,1729883848597936289,S260730023966,Muse Plus,女士连衣裙,派对礼服,4.3,https://p16-she-va.ibyteimg.com/tos-alisg-i-f7lenjegsh-sg/aa5134838602426bb85edaae0bfdc740~tplv-g9dfdl17fc-origin-image.image,2026-07-30,内容场占比低,无样品共资,753,排名164,,https://shop.tiktok.com/view/product/1729883848597936289?region=GB&locale=en,13.4,,,
60天新品,低消耗,1729881526473366231,S260727001815,Coveira Mode,连体衣,连体裤,4.2,https://p16-she-va.ibyteimg.com/tos-alisg-i-f7lenjegsh-sg/5e9bc303b5404543bc353375e58d174d~tplv-g9dfdl17fc-origin-image.image,2026-07-27,内容场占比低,无样品共资,599,排名225,,https://shop.tiktok.com/view/product/1729881526473366231?region=GB&locale=en,13.2,,,
60天新品,准备投入,1729864575685400737,S260701021233,Muse Plus,女士上装,女士休闲夹克和外套,4.3,https://p16-she-va.ibyteimg.com/tos-alisg-i-f7lenjegsh-sg/440e2b31a07d4c1a88122f2a801b48e4~tplv-g9dfdl17fc-origin-image.image,2026-07-01,内容场占比低,无样品共资,74,排名148,In Affiliate,https://shop.tiktok.com/view/product/1729864575685400737?region=GB&locale=en,16.8,,,
60天新品,低消耗,1729838264044133215,S260529031065,Chic Curves,女士上装,女士衬衫,4,https://p16-she-va.ibyteimg.com/tos-alisg-i-f7lenjegsh-sg/037ab87e42b34a9b8793f43fc108a8d1~tplv-g9dfdl17fc-origin-image.image,2026-06-05,,无样品共资,299,排名186,In Affiliate,https://shop.tiktok.com/view/product/1729838264044133215?region=GB&locale=en,9.5,,,
60天新品,低消耗,1729837527084865600,S260528014139,CHILL SKILL,女士下装,紧身裤,4.8,https://p16-she-va.ibyteimg.com/tos-alisg-i-f7lenjegsh-sg/2cb6beb92c214c11aeb548257b4edab8~tplv-g9dfdl17fc-origin-image.image,2026-06-28,内容场占比低,无样品共资,39,排名147,In Affiliate,https://shop.tiktok.com/view/product/1729837527084865600?region=GB&locale=en,18.0,,,
60天新品,低消耗,1729869294916704476,S260706010640,ZOHRA,女士下装,紧身裤,4.5,https://p16-she-va.ibyteimg.com/tos-alisg-i-f7lenjegsh-sg/fedfb1c4ad3c42bdbd17d426b9af257f~tplv-g9dfdl17fc-origin-image.image,2026-07-09,内容场占比低,有样品额度,1269,排名133,,https://shop.tiktok.com/view/product/1729869294916704476?region=GB&locale=en,17.6,,,
60天新品,无消耗,1729875397896346091,S260717010817,Finjani Plus,女士连衣裙,休闲连衣裙,4.6,https://p16-she-va.ibyteimg.com/tos-alisg-i-f7lenjegsh-sg/821127be849840288664f33f1e290c4f~tplv-g9dfdl17fc-origin-image.image,2026-07-17,内容场占比低,无样品共资,55,排名158,In Affiliate,https://shop.tiktok.com/view/product/1729875397896346091?region=GB&locale=en,10.4,,,
60天新品,准备投入,1729870802138077345,S260711022024,Muse Plus,女士下装,半身裙,4.3,https://p16-she-va.ibyteimg.com/tos-alisg-i-f7lenjegsh-sg/b35af5f8c41d4208be5c4413b60fa496~tplv-g9dfdl17fc-origin-image.image,2026-07-11,内容场占比低,无样品共资,198,排名196,In Affiliate,https://shop.tiktok.com/view/product/1729870802138077345?region=GB&locale=en,11.6,,,
60天新品,低消耗,1729871803803473993,S260713009164,Easy Buy Relax,女士下装,长裤,4.2,https://p16-she-va.ibyteimg.com/tos-alisg-i-f7lenjegsh-sg/9ec0b8781a27457081b18ecc2f38d42f~tplv-g9dfdl17fc-origin-image.image,2026-07-20,内容场占比低,库存不满足,23,排名190,,https://shop.tiktok.com/view/product/1729871803803473993?region=GB&locale=en,13.5,,,
60天新品,无消耗,1729864742052796717,S260701037317,Classic & Elegant,女士连衣裙,休闲连衣裙,4.5,https://p16-she-va.ibyteimg.com/tos-alisg-i-f7lenjegsh-sg/eea74aae0a6640c8b245f65bd3e43f7c~tplv-g9dfdl17fc-origin-image.image,2026-07-01,,无样品共资,1216,排名155,In Affiliate,https://shop.tiktok.com/view/product/1729864742052796717?region=GB&locale=en,20.0,,,
60天新品,低消耗,1729866132482005212,S260703021048,ZOHRA,女士下装,裤裙,4.5,https://p16-she-va.ibyteimg.com/tos-alisg-i-f7lenjegsh-sg/6adef2e12e23478d9ac399d0851a4091~tplv-g9dfdl17fc-origin-image.image,2026-07-03,内容场占比低,有样品额度,4351,排名203,In Affiliate,https://shop.tiktok.com/view/product/1729866132482005212?region=GB&locale=en,11.7,,,
60天新品,高投入,1729834477161388375,S260522019294,FOXCLAW Curve,牛仔,牛仔短裤,4.2,https://p16-she-va.ibyteimg.com/tos-alisg-i-f7lenjegsh-sg/dcbb4b6948ce4b4993892906097f7310~tplv-g9dfdl17fc-origin-image.image,2026-06-09,内容场占比低,无样品共资,498,排名177,In Affiliate,https://shop.tiktok.com/view/product/1729834477161388375?region=GB&locale=en,16.4,,,
60天新品,无消耗,1729854711600617963,S260616028590,Finjani Plus,女士连衣裙,休闲连衣裙,4.6,https://p16-she-va.ibyteimg.com/tos-alisg-i-f7lenjegsh-sg/6e98a584070a4b5ca16bdbdfbe364360~tplv-g9dfdl17fc-origin-image.image,2026-06-16,内容场占比低,无样品共资,51,排名178,In Affiliate,https://shop.tiktok.com/view/product/1729854711600617963?region=GB&locale=en,14.2,,,
60天新品,低消耗,1729844414304720969,S260606025677,Easy Buy Relax,女士下装,长裤,4.2,https://p16-she-va.ibyteimg.com/tos-alisg-i-f7lenjegsh-sg/81808cee71894b5e9a089ac27a8821aa~tplv-g9dfdl17fc-origin-image.image,2026-06-15,内容场占比低,无样品共资,50,排名197,In Affiliate,https://shop.tiktok.com/view/product/1729844414304720969?region=GB&locale=en,12.4,,,
60天新品,低消耗,1729850825622722624,S260429017925,CHILL SKILL,女士连衣裙,休闲连衣裙,4.8,https://p16-she-va.ibyteimg.com/tos-alisg-i-f7lenjegsh-sg/99722f4cc01b47e884ee0857e7123ab6~tplv-g9dfdl17fc-origin-image.image,2026-06-19,内容场占比低,库存不满足,21,排名183,In Affiliate,https://shop.tiktok.com/view/product/1729850825622722624?region=GB&locale=en,13.8,,,
60天新品,高投入,1729840051531848023,S260602025544,FOXCLAW Curve,女士上装,女士衬衫,4.2,https://p16-she-va.ibyteimg.com/tos-alisg-i-f7lenjegsh-sg/42d8fafdf58042d6ade361d23df2386c~tplv-g9dfdl17fc-origin-image.image,2026-06-10,,有样品额度,618,排名176,In Affiliate,https://shop.tiktok.com/view/product/1729840051531848023?region=GB&locale=en,12.7,,,
60天新品,无消耗,1729871134848621500,S260712002960,Denim Bloom,牛仔,牛仔外套,4.4,https://p16-she-va.ibyteimg.com/tos-alisg-i-f7lenjegsh-sg/ca64988b2ddf434ebe964eef58d18cc1~tplv-g9dfdl17fc-origin-image.image,2026-07-14,内容场占比低,库存不满足,29,排名159,In Affiliate,https://shop.tiktok.com/view/product/1729871134848621500?region=GB&locale=en,17.7,,,
60天新品,无消耗,1729874663478499874,S260716026097,Affordable Chic Cuts,女士上装,女士休闲夹克和外套,,https://p16-she-va.ibyteimg.com/tos-alisg-i-f7lenjegsh-sg/7311e8b8c7af4a0589444dcc41c9ffc3~tplv-g9dfdl17fc-origin-image.image,2026-07-23,内容场占比低,无样品共资,239,排名238,,https://shop.tiktok.com/view/product/1729874663478499874?region=GB&locale=en,8.5,,,
60天新品,无消耗,1729879127790492139,S260723002099,Finjani Plus,女士连衣裙,休闲连衣裙,4.6,https://p16-she-va.ibyteimg.com/tos-alisg-i-f7lenjegsh-sg/4eb5a41530444b0a97bea8b7ca7a96dd~tplv-g9dfdl17fc-origin-image.image,2026-07-23,内容场占比低,无样品共资,32,排名166,,https://shop.tiktok.com/view/product/1729879127790492139?region=GB&locale=en,21.4,,,
60天新品,低消耗,1729875592762988605,S260717032203,Modish Moo,牛仔,牛仔外套,4.4,https://p16-she-va.ibyteimg.com/tos-alisg-i-f7lenjegsh-sg/577b0cb355504856a7be13c5caa56c3c~tplv-g9dfdl17fc-origin-image.image,2026-07-17,内容场占比低,库存不满足,29,排名175,In Affiliate,https://shop.tiktok.com/view/product/1729875592762988605?region=GB&locale=en,15.0,,,
60天新品,低消耗,1729868329148783319,S260707030857,Coveira Mode,女士连衣裙,休闲连衣裙,4.2,https://p16-she-va.ibyteimg.com/tos-alisg-i-f7lenjegsh-sg/f794b9c4f64f4cd3911521235c2094ce~tplv-g9dfdl17fc-origin-image.image,2026-07-08,内容场占比低,无样品共资,579,排名192,In Affiliate,https://shop.tiktok.com/view/product/1729868329148783319?region=GB&locale=en,11.1,,,
60天新品,低消耗,1729863949077223799,S260630029667,LittleBee Co,女士针织衫,毛衣套头衫,,https://p16-she-va.ibyteimg.com/tos-alisg-i-f7lenjegsh-sg/9c2b6fb230c34609ae86508528cb3e98~tplv-g9dfdl17fc-origin-image.image,2026-07-11,,无样品共资,26,排名172,In Affiliate,https://shop.tiktok.com/view/product/1729863949077223799?region=GB&locale=en,18.0,,,
60天新品,高投入,1729861301866895703,S260626019184,FOXCLAW Curve,女士上装,女士衬衫,4.2,https://p16-she-va.ibyteimg.com/tos-alisg-i-f7lenjegsh-sg/ce15fcb8e52c4016a5db016e389ce91e~tplv-g9dfdl17fc-origin-image.image,2026-07-11,内容场占比低,无样品共资,50,排名217,In Affiliate,https://shop.tiktok.com/view/product/1729861301866895703?region=GB&locale=en,7.8,,,
60天新品,高投入,1729845895618140503,S260608014172,FOXCLAW Curve,女士上装,女士衬衫,4.2,https://p16-she-va.ibyteimg.com/tos-alisg-i-f7lenjegsh-sg/cb769a8f5a0744ac94a5260d173f5601~tplv-g9dfdl17fc-origin-image.image,2026-06-12,内容场占比低,无样品共资,46,排名229,In Affiliate,https://shop.tiktok.com/view/product/1729845895618140503?region=GB&locale=en,9.5,,,
60天新品,准备投入,1729843089179121825,S260605031213,Muse Plus,女士套装及西服,长裤套装,4.3,https://p16-she-va.ibyteimg.com/tos-alisg-i-f7lenjegsh-sg/1758e76779f34e329e1dab54e03e5607~tplv-g9dfdl17fc-origin-image.image,2026-06-05,内容场占比低,无样品共资,79,排名136,In Affiliate,https://shop.tiktok.com/view/product/1729843089179121825?region=GB&locale=en,20.7,,,
60天新品,无消耗,1729852643808483501,S260612036680,ZIZI Sweater,女士上装,女士衬衫,4.4,https://p16-she-va.ibyteimg.com/tos-alisg-i-f7lenjegsh-sg/ef753e9f7154472e95fccfafc21f95a5~tplv-g9dfdl17fc-origin-image.image,2026-06-20,内容场占比低,无样品共资,198,排名216,In Affiliate,https://shop.tiktok.com/view/product/1729852643808483501?region=GB&locale=en,9.9,,,
60天新品,准备投入,1729844264900532385,S260606017683,Muse Plus,女士下装,长裤,4.3,https://p16-she-va.ibyteimg.com/tos-alisg-i-f7lenjegsh-sg/6aa26260839c4161aa744279010a8268~tplv-g9dfdl17fc-origin-image.image,2026-06-06,,无样品共资,113,排名185,In Affiliate,https://shop.tiktok.com/view/product/1729844264900532385?region=GB&locale=en,17.2,,,
60天新品,低消耗,1729838313300532063,S260529033117,Chic Curves,女士连衣裙,休闲连衣裙,4,https://p16-she-va.ibyteimg.com/tos-alisg-i-f7lenjegsh-sg/ac6ed020c356463091da7847c315c8c6~tplv-g9dfdl17fc-origin-image.image,2026-06-06,内容场占比低,无样品共资,36,排名202,In Affiliate,https://shop.tiktok.com/view/product/1729838313300532063?region=GB&locale=en,13.1,,,
60天新品,无消耗,1729866071941748775,S260703023760,Finjani-Fashion,女士针织衫,毛织长裤套装,,https://p16-she-va.ibyteimg.com/tos-alisg-i-f7lenjegsh-sg/5bd7e6d9081741c489727cb5879ff2ce~tplv-g9dfdl17fc-origin-image.image,2026-07-03,内容场占比低,无样品共资,307,排名169,In Affiliate,https://shop.tiktok.com/view/product/1729866071941748775?region=GB&locale=en,19.5,,,
60天新品,低消耗,1729878702501632220,S260722023402,ZOHRA,女士下装,长裤,4.5,https://p16-she-va.ibyteimg.com/tos-alisg-i-f7lenjegsh-sg/8a627a04eb9a43148b033253ea1b7729~tplv-g9dfdl17fc-origin-image.image,2026-07-22,内容场占比低,有样品额度,276,排名226,,https://shop.tiktok.com/view/product/1729878702501632220?region=GB&locale=en,7.1,,,
60天新品,低消耗,1729879452543720287,S260723021102,Chic Curves,女士下装,半身裙,4,https://p16-she-va.ibyteimg.com/tos-alisg-i-f7lenjegsh-sg/800e628eba174622ab7ffb8e08fb77d6~tplv-g9dfdl17fc-origin-image.image,2026-07-28,内容场占比低,无样品共资,483,排名213,,https://shop.tiktok.com/view/product/1729879452543720287?region=GB&locale=en,9.6,,,
60天新品,高投入,1729869298991470935,S260708021395,FOXCLAW Curve,女士下装,长裤,4.2,https://p16-she-va.ibyteimg.com/tos-alisg-i-f7lenjegsh-sg/abb060f9464c494bb0893a24b12bbdbc~tplv-g9dfdl17fc-origin-image.image,2026-07-22,内容场占比低,无样品共资,40,排名179,,https://shop.tiktok.com/view/product/1729869298991470935?region=GB&locale=en,9.6,,,
60天新品,高投入,1729873817484040535,S260715017896,FOXCLAW Curve,女士上装,女士衬衫,4.2,https://p16-she-va.ibyteimg.com/tos-alisg-i-f7lenjegsh-sg/ebf788b6a44c461c9fe793b510b84b68~tplv-g9dfdl17fc-origin-image.image,2026-07-22,内容场占比低,库存不满足,23,排名260,,https://shop.tiktok.com/view/product/1729873817484040535?region=GB&locale=en,7.7,,,
60天新品,高投入,1729875235538114903,S260717004819,FOXCLAW Curve,女士上装,女士衬衫,4.2,https://p16-she-va.ibyteimg.com/tos-alisg-i-f7lenjegsh-sg/ff42e092e1fb4cd6bcd647a4ba574ead~tplv-g9dfdl17fc-origin-image.image,2026-07-21,内容场占比低,库存不满足,19,排名188,,https://shop.tiktok.com/view/product/1729875235538114903?region=GB&locale=en,7.4,,,
60天新品,低消耗,1729867214181800156,S260706006455,ZOHRA,女士下装,紧身裤,4.5,https://p16-she-va.ibyteimg.com/tos-alisg-i-f7lenjegsh-sg/b2f6ce0f1759420387bf59844d6c3dd8~tplv-g9dfdl17fc-origin-image.image,2026-07-06,内容场占比低,有样品额度,1948,排名214,In Affiliate,https://shop.tiktok.com/view/product/1729867214181800156?region=GB&locale=en,13.4,,,
60天新品,无消耗,1729869187161889356,S260709008092,XGZ Clothing Stores,女士上装,女士休闲夹克和外套,4.5,https://p16-she-va.ibyteimg.com/tos-alisg-i-f7lenjegsh-sg/d5b044f9ee4d4fab8ac2a0a6a8b057a0~tplv-g9dfdl17fc-origin-image.image,2026-07-13,,无样品共资,39,排名195,In Affiliate,https://shop.tiktok.com/view/product/1729869187161889356?region=GB&locale=en,9.6,,,
60天新品,低消耗,1729871944500615388,S260713010927,ZOHRA,女士下装,长裤,4.5,https://p16-she-va.ibyteimg.com/tos-alisg-i-f7lenjegsh-sg/1b04a93b34ea4578bb8eddf0078a7616~tplv-g9dfdl17fc-origin-image.image,2026-07-13,内容场占比低,有样品额度,201,排名237,In Affiliate,https://shop.tiktok.com/view/product/1729871944500615388?region=GB&locale=en,8.0,,,
60天新品,无消耗,1729881673843382763,S260727011455,Finjani Plus,女士下装,长裤,4.6,https://p16-she-va.ibyteimg.com/tos-alisg-i-f7lenjegsh-sg/6fc9399e882745d980fdff0ce09be2bd~tplv-g9dfdl17fc-origin-image.image,2026-07-27,内容场占比低,无样品共资,57,排名234,,https://shop.tiktok.com/view/product/1729881673843382763?region=GB&locale=en,10.7,,,
60天新品,低消耗,1729844462222940233,S260606026659,Easy Buy Relax,女士下装,长裤,4.2,https://p16-she-va.ibyteimg.com/tos-alisg-i-f7lenjegsh-sg/5f51d45879e14e97ba12f92eafd2c213~tplv-g9dfdl17fc-origin-image.image,2026-06-17,内容场占比低,无样品共资,30,排名220,In Affiliate,https://shop.tiktok.com/view/product/1729844462222940233?region=GB&locale=en,12.9,,,
60天新品,低消耗,1729855708051707977,S260617038680,Easy Buy Relax,女士套装及西服,长裤套装,4.2,https://p16-she-va.ibyteimg.com/tos-alisg-i-f7lenjegsh-sg/f6d2aad0af614aa7b6e00f3982bd2799~tplv-g9dfdl17fc-origin-image.image,2026-07-01,内容场占比低,库存不满足,24,排名199,In Affiliate,https://shop.tiktok.com/view/product/1729855708051707977?region=GB&locale=en,19.7,,,
60天新品,高投入,1729837364465801559,S260528001751,FOXCLAW Curve,女士上装,女士衬衫,4.2,https://p16-she-va.ibyteimg.com/tos-alisg-i-f7lenjegsh-sg/a52ab9cca30746ce94ab5274d34036c4~tplv-g9dfdl17fc-origin-image.image,2026-06-06,内容场占比低,无样品共资,70,排名233,In Affiliate,https://shop.tiktok.com/view/product/1729837364465801559?region=GB&locale=en,9.6,,,
60天新品,无消耗,1729856118988184469,S260618011394,D Shiny Shop,牛仔,牛仔外套,4.4,https://p16-she-va.ibyteimg.com/tos-alisg-i-f7lenjegsh-sg/f8f6596e645342b28b8749e2282379e9~tplv-g9dfdl17fc-origin-image.image,2026-06-27,内容场占比低,有样品额度,94,排名191,In Affiliate,https://shop.tiktok.com/view/product/1729856118988184469?region=GB&locale=en,22.3,,,
60天新品,无消耗,1729867998467889164,S260707019131,Fleuria Fashion,女士上装,女士 T 恤,,https://p16-she-va.ibyteimg.com/tos-alisg-i-f7lenjegsh-sg/c5675c6fb6404c5ba584b6f3300aeee5~tplv-g9dfdl17fc-origin-image.image,2026-07-11,内容场占比低,无样品共资,26,排名230,,https://shop.tiktok.com/view/product/1729867998467889164?region=GB&locale=en,9.0,,,
60天新品,高投入,1729875498116946263,S260717020486,FOXCLAW Curve,女士下装,长裤,4.2,https://p16-she-va.ibyteimg.com/tos-alisg-i-f7lenjegsh-sg/fb3950cd5083457fa0d9eefa6382410d~tplv-g9dfdl17fc-origin-image.image,2026-07-26,内容场占比低,库存不满足,23,排名222,,https://shop.tiktok.com/view/product/1729875498116946263?region=GB&locale=en,12.5,,,
60天新品,高投入,1729878979822787307,S260719011982,Bettlity,女士针织衫,毛衣开衫,4.5,https://p16-she-va.ibyteimg.com/tos-alisg-i-f7lenjegsh-sg/2ee0209d20964261a5d87d295e7ba530~tplv-g9dfdl17fc-origin-image.image,2026-07-26,内容场占比低,无样品共资,124,排名198,,https://shop.tiktok.com/view/product/1729878979822787307?region=GB&locale=en,14.6,,,
60天新品,无消耗,1729870092582820331,S260710024960,Finjani Plus,女士套装及西服,长裤套装,4.6,https://p16-she-va.ibyteimg.com/tos-alisg-i-f7lenjegsh-sg/5502042909d7419f99d75ff295aa18e8~tplv-g9dfdl17fc-origin-image.image,2026-07-10,内容场占比低,无样品共资,168,排名241,In Affiliate,https://shop.tiktok.com/view/product/1729870092582820331?region=GB&locale=en,19.3,,,
60天新品,无消耗,1729876822113426296,S260720002755,Wang Zekai Sweater,女士针织衫,毛衣套头衫,4.1,https://p16-she-va.ibyteimg.com/tos-alisg-i-f7lenjegsh-sg/0c820d107a834b079863b7c79225ae72~tplv-g9dfdl17fc-origin-image.image,2026-07-26,内容场占比低,无样品共资,136,排名236,,https://shop.tiktok.com/view/product/1729876822113426296?region=GB&locale=en,12.2,,,
60天新品,低消耗,1729873063193253961,S260714035843,Easy Buy Relax,女士套装及西服,长裤套装,4.2,https://p16-she-va.ibyteimg.com/tos-alisg-i-f7lenjegsh-sg/b3a3e41b8db446a6b9d59f8fb4432fe4~tplv-g9dfdl17fc-origin-image.image,2026-07-26,内容场占比低,无样品共资,33,排名200,,https://shop.tiktok.com/view/product/1729873063193253961?region=GB&locale=en,20.6,,,
60天新品,准备投入,1729874581757794465,S260716016009,Muse Plus,女士上装,女士连帽卫衣,4.3,https://p16-she-va.ibyteimg.com/tos-alisg-i-f7lenjegsh-sg/d4aec1aca5e94e3eab4a59c6e5e7a754~tplv-g9dfdl17fc-origin-image.image,2026-07-17,内容场占比低,无样品共资,1417,排名264,,https://shop.tiktok.com/view/product/1729874581757794465?region=GB&locale=en,17.4,,,
60天新品,无消耗,1729868574315223490,S260708011541,Budget Chic Sweaters,女士针织衫,毛衣开衫,4.4,https://p16-she-va.ibyteimg.com/tos-alisg-i-f7lenjegsh-sg/1d980db010864ae2a82b706fd5cc151e~tplv-g9dfdl17fc-origin-image.image,2026-07-08,内容场占比低,无样品共资,56,排名208,In Affiliate,https://shop.tiktok.com/view/product/1729868574315223490?region=GB&locale=en,14.8,,,
60天新品,无消耗,1729862377466927277,S260628008344,ZIZI Sweater,女士上装,女士休闲夹克和外套,4.4,https://p16-she-va.ibyteimg.com/tos-alisg-i-f7lenjegsh-sg/fcd6bc20c85144ed8b44102dd928ee69~tplv-g9dfdl17fc-origin-image.image,2026-07-08,内容场占比低,无样品共资,37,排名239,In Affiliate,https://shop.tiktok.com/view/product/1729862377466927277?region=GB&locale=en,9.1,,,
60天新品,无消耗,1729872070211312572,S260713033083,Denim Bloom,牛仔,牛仔外套,4.4,https://p16-she-va.ibyteimg.com/tos-alisg-i-f7lenjegsh-sg/5d04a2abbaaf4af0bdd32ce19b192f45~tplv-g9dfdl17fc-origin-image.image,2026-07-16,内容场占比低,库存不满足,23,排名206,,https://shop.tiktok.com/view/product/1729872070211312572?region=GB&locale=en,18.6,,,
60天新品,低消耗,1729862023734926192,S260627024012,Soh Soh,女士连衣裙,休闲连衣裙,4,https://p16-she-va.ibyteimg.com/tos-alisg-i-f7lenjegsh-sg/7bced5f6080a471eba57b9aedc90e89e~tplv-g9dfdl17fc-origin-image.image,2026-06-27,内容场占比低,无样品共资,836,排名224,In Affiliate,https://shop.tiktok.com/view/product/1729862023734926192?region=GB&locale=en,18.5,,,
60天新品,低消耗,1729852418551683133,S260610034233,Modish Moo,牛仔,牛仔连衣裙,4.4,https://p16-she-va.ibyteimg.com/tos-alisg-i-f7lenjegsh-sg/beb581ccbed445ccb85aa05a8ddaeb99~tplv-g9dfdl17fc-origin-image.image,2026-06-12,内容场占比低,无样品共资,83,排名209,In Affiliate,https://shop.tiktok.com/view/product/1729852418551683133?region=GB&locale=en,20.3,,,
60天新品,低消耗,1729858167622572105,S260622019910,Easy Buy Relax,女士连衣裙,休闲连衣裙,4.2,https://p16-she-va.ibyteimg.com/tos-alisg-i-f7lenjegsh-sg/7868c1572a3b4654bfac82dc2b8e8a55~tplv-g9dfdl17fc-origin-image.image,2026-06-29,内容场占比低,无样品共资,52,排名207,In Affiliate,https://shop.tiktok.com/view/product/1729858167622572105?region=GB&locale=en,18.8,,,
60天新品,低消耗,1729845878100039753,S260608005075,Easy Buy Relax,女士下装,长裤,4.2,https://p16-she-va.ibyteimg.com/tos-alisg-i-f7lenjegsh-sg/747ea87c1fc440f68a64be7a9cc0511f~tplv-g9dfdl17fc-origin-image.image,2026-06-14,内容场占比低,有样品额度,76,排名294,In Affiliate,https://shop.tiktok.com/view/product/1729845878100039753?region=GB&locale=en,12.4,,,
60天新品,无消耗,1729855575897053593,S260617034183,Bargain Chic,女士上装,女士休闲夹克和外套,4.4,https://p16-she-va.ibyteimg.com/tos-alisg-i-f7lenjegsh-sg/eced22c1b2f54193976ba2030ed31239~tplv-g9dfdl17fc-origin-image.image,2026-06-17,内容场占比低,无样品共资,2489,排名245,In Affiliate,https://shop.tiktok.com/view/product/1729855575897053593?region=GB&locale=en,16.2,,,
60天新品,低消耗,1729862372561557565,S260628008230,Modish Moo,牛仔,牛仔连衣裙,4.4,https://p16-she-va.ibyteimg.com/tos-alisg-i-f7lenjegsh-sg/fb18722e16ca4ad5b791e92b9caf1e86~tplv-g9dfdl17fc-origin-image.image,2026-06-28,内容场占比低,有样品额度,66,排名228,In Affiliate,https://shop.tiktok.com/view/product/1729862372561557565?region=GB&locale=en,18.6,,,
60天新品,低消耗,1729854061037721820,S260615024414,ZOHRA,女士下装,紧身裤,4.5,https://p16-she-va.ibyteimg.com/tos-alisg-i-f7lenjegsh-sg/4c667c6db739414faf87df6fb5a3b281~tplv-g9dfdl17fc-origin-image.image,2026-06-15,内容场占比低,有样品额度,179,排名248,In Affiliate,https://shop.tiktok.com/view/product/1729854061037721820?region=GB&locale=en,21.8,,,
60天新品,低消耗,1729866068413815148,S260703023648,Fox Claw CURVE ONE,女士上装,女士衬衫,4,https://p16-she-va.ibyteimg.com/tos-alisg-i-f7lenjegsh-sg/c0fec74662e748899eec5785e6ce813f~tplv-g9dfdl17fc-origin-image.image,2026-07-05,内容场占比低,有样品额度,31,排名259,In Affiliate,https://shop.tiktok.com/view/product/1729866068413815148?region=GB&locale=en,9.7,,,
60天新品,低消耗,1729852724253530173,S260610024083,Modish Moo,牛仔,牛仔衬衫,4.4,https://p16-she-va.ibyteimg.com/tos-alisg-i-f7lenjegsh-sg/e8339b5de8d148a3ab0d93935d8f924f~tplv-g9dfdl17fc-origin-image.image,2026-06-13,内容场占比低,无样品共资,48,排名201,In Affiliate,https://shop.tiktok.com/view/product/1729852724253530173?region=GB&locale=en,19.3,,,
60天新品,无消耗,1729872374751861227,S260711010490,Finjani Plus,女士套装及西服,长裤套装,4.6,https://p16-she-va.ibyteimg.com/tos-alisg-i-f7lenjegsh-sg/89791b504dea4fc19a9aec6e7165ff09~tplv-g9dfdl17fc-origin-image.image,2026-07-14,内容场占比低,无样品共资,267,排名221,In Affiliate,https://shop.tiktok.com/view/product/1729872374751861227?region=GB&locale=en,19.3,,,
60天新品,低消耗,1729877867875309932,S260720013379,Fox Claw CURVE ONE,女士上装,女士衬衫,4,https://p16-she-va.ibyteimg.com/tos-alisg-i-f7lenjegsh-sg/40a06a561eec48c98f2d32e54a08db02~tplv-g9dfdl17fc-origin-image.image,2026-07-24,内容场占比低,无样品共资,34,排名256,,https://shop.tiktok.com/view/product/1729877867875309932?region=GB&locale=en,9.6,,,
60天新品,高投入,1729877865879279959,S260721021038,FOXCLAW Curve,女士连衣裙,休闲连衣裙,4.2,https://p16-she-va.ibyteimg.com/tos-alisg-i-f7lenjegsh-sg/39c6e62f483848a1bc8c8e12938188fc~tplv-g9dfdl17fc-origin-image.image,2026-07-24,内容场占比低,库存不满足,24,排名252,,https://shop.tiktok.com/view/product/1729877865879279959?region=GB&locale=en,10.4,,,
60天新品,无消耗,1729859518697674925,S260623039058,ZIZI Sweater,女士上装,女士衬衫,4.4,https://p16-she-va.ibyteimg.com/tos-alisg-i-f7lenjegsh-sg/ce74aa9e3b994b7fb96e5a51c647b32a~tplv-g9dfdl17fc-origin-image.image,2026-07-12,内容场占比低,无样品共资,50,排名242,,https://shop.tiktok.com/view/product/1729859518697674925?region=GB&locale=en,8.7,,,
60天新品,无消耗,1729870838227835529,S260711028610,.Home sweet home,女士套装及西服,女士西装外套,4.5,https://p16-she-va.ibyteimg.com/tos-alisg-i-f7lenjegsh-sg/5cfc3f4769094a9ea318666f69be0235~tplv-g9dfdl17fc-origin-image.image,2026-07-11,内容场占比低,无样品共资,460,排名253,,https://shop.tiktok.com/view/product/1729870838227835529?region=GB&locale=en,16.0,,,
60天新品,无消耗,1729871957765626253,S260713018589,Rusttydustty Curve,女士上装,女士衬衫,4.4,https://p16-she-va.ibyteimg.com/tos-alisg-i-f7lenjegsh-sg/8a6fab77b90448ca8588944f3cc64c5c~tplv-g9dfdl17fc-origin-image.image,2026-07-22,内容场占比低,无样品共资,93,排名267,,https://shop.tiktok.com/view/product/1729871957765626253?region=GB&locale=en,8.8,,,
60天新品,低消耗,1729871358014101577,S260712019821,Easy Buy Relax,女士连衣裙,休闲连衣裙,4.2,https://p16-she-va.ibyteimg.com/tos-alisg-i-f7lenjegsh-sg/3dc83f4b0cd94a048aed304d49727bed~tplv-g9dfdl17fc-origin-image.image,2026-07-22,内容场占比低,无样品共资,34,排名278,,https://shop.tiktok.com/view/product/1729871358014101577?region=GB&locale=en,8.6,,,
60天新品,低消耗,1729871864540010569,S260713009142,Easy Buy Relax,女士上装,女士衬衫,4.2,https://p16-she-va.ibyteimg.com/tos-alisg-i-f7lenjegsh-sg/1a7c900135dc48cf93e91e73c61fb742~tplv-g9dfdl17fc-origin-image.image,2026-07-21,内容场占比低,库存不满足,24,排名262,,https://shop.tiktok.com/view/product/1729871864540010569?region=GB&locale=en,11.3,,,
60天新品,低消耗,1729874604311091564,S260716019791,Fox Claw CURVE ONE,女士下装,长裤,4,https://p16-she-va.ibyteimg.com/tos-alisg-i-f7lenjegsh-sg/f4d33929a169483893dd3a01d70d81bf~tplv-g9dfdl17fc-origin-image.image,2026-07-21,内容场占比低,无样品共资,54,排名276,,https://shop.tiktok.com/view/product/1729874604311091564?region=GB&locale=en,9.6,,,
60天新品,无消耗,1729877633313774059,S260721008776,Finjani Plus,女士上装,女士休闲夹克和外套,4.6,https://p16-she-va.ibyteimg.com/tos-alisg-i-f7lenjegsh-sg/bb8ea9b965c84d93a79580b59b0c8888~tplv-g9dfdl17fc-origin-image.image,2026-07-21,内容场占比低,无样品共资,537,排名255,,https://shop.tiktok.com/view/product/1729877633313774059?region=GB&locale=en,14.8,,,
60天新品,无消耗,1729868062129559961,S260707027371,Bargain Chic,女士上装,女士休闲夹克和外套,4.4,https://p16-she-va.ibyteimg.com/tos-alisg-i-f7lenjegsh-sg/96d15b3bb8a74f57882337c3f5a9850e~tplv-g9dfdl17fc-origin-image.image,2026-07-07,内容场占比低,无样品共资,994,排名244,,https://shop.tiktok.com/view/product/1729868062129559961?region=GB&locale=en,13.1,,,
60天新品,低消耗,1729874606458443849,S260712021253,Easy Buy Relax,女士下装,长裤,4.2,https://p16-she-va.ibyteimg.com/tos-alisg-i-f7lenjegsh-sg/ab3aa8f397dd4728b2f86fb2fb9dd333~tplv-g9dfdl17fc-origin-image.image,2026-07-20,内容场占比低,无样品共资,33,排名270,,https://shop.tiktok.com/view/product/1729874606458443849?region=GB&locale=en,11.2,,,
60天新品,无消耗,1729858771858463017,S260623012517,Kitten Knit,女士针织衫,毛衣套头衫,,https://p16-she-va.ibyteimg.com/tos-alisg-i-f7lenjegsh-sg/112efe32ce934e0fb69d5610ee6ce60c~tplv-g9dfdl17fc-origin-image.image,2026-06-28,内容场占比低,无样品共资,60,排名254,,https://shop.tiktok.com/view/product/1729858771858463017?region=GB&locale=en,13.0,,,
60天新品,准备投入,1729861976995567777,S260627019302,Muse Plus,女士上装,女士衬衫,4.3,https://p16-she-va.ibyteimg.com/tos-alisg-i-f7lenjegsh-sg/5081976dbcf644f19d42d220c542bbe4~tplv-g9dfdl17fc-origin-image.image,2026-06-27,内容场占比低,库存不满足,28,排名257,In Affiliate,https://shop.tiktok.com/view/product/1729861976995567777?region=GB&locale=en,11.7,,,
60天新品,低消耗,1729838654468692831,S260530020893,Chic Curves,女士套装及西服,长裤套装,4,https://p16-she-va.ibyteimg.com/tos-alisg-i-f7lenjegsh-sg/dfb2459df8b343d89d134a2151e4b4e6~tplv-g9dfdl17fc-origin-image.image,2026-06-07,内容场占比低,无样品共资,43,排名231,In Affiliate,https://shop.tiktok.com/view/product/1729838654468692831?region=GB&locale=en,19.0,,,
60天新品,无消耗,1729849287883332075,S260610005855,Finjani Plus,女士套装及西服,长裤套装,4.6,https://p16-she-va.ibyteimg.com/tos-alisg-i-f7lenjegsh-sg/ae4c4d995b0c4ce5b4a63caf8ca16beb~tplv-g9dfdl17fc-origin-image.image,2026-06-10,内容场占比低,无样品共资,53,排名232,In Affiliate,https://shop.tiktok.com/view/product/1729849287883332075?region=GB&locale=en,22.3,,,
60天新品,低消耗,1729863960770484588,S260630031044,Fox Claw CURVE ONE,女士上装,女士 T 恤,4,https://p16-she-va.ibyteimg.com/tos-alisg-i-f7lenjegsh-sg/4dc6f4384c314ad781805deb96c4faa4~tplv-g9dfdl17fc-origin-image.image,2026-07-05,内容场占比低,有样品额度,39,排名284,In Affiliate,https://shop.tiktok.com/view/product/1729863960770484588?region=GB&locale=en,8.6,,,
60天新品,无消耗,1729852639294429357,S260612036442,ZIZI Sweater,女士上装,女士衬衫,4.4,https://p16-she-va.ibyteimg.com/tos-alisg-i-f7lenjegsh-sg/c9a0c1ea9b814b8a886493edae4cdc32~tplv-g9dfdl17fc-origin-image.image,2026-06-25,内容场占比低,无样品共资,68,排名269,,https://shop.tiktok.com/view/product/1729852639294429357?region=GB&locale=en,10.7,,,
60天新品,无消耗,1729838342647683245,S260529035062,ZIZI Sweater,女士连衣裙,休闲连衣裙,4.4,https://p16-she-va.ibyteimg.com/tos-alisg-i-f7lenjegsh-sg/a3b3e5fdd88d4dde8b9c5905fe135a38~tplv-g9dfdl17fc-origin-image.image,2026-06-19,内容场占比低,无样品共资,33,排名263,In Affiliate,https://shop.tiktok.com/view/product/1729838342647683245?region=GB&locale=en,12.4,,,
60天新品,无消耗,1729819909382445229,S260505013878,ZIZI Sweater,女士套装及西服,短裤套装,4.4,https://p16-she-va.ibyteimg.com/tos-alisg-i-f7lenjegsh-sg/47fcf15547604235a6a730917c956715~tplv-g9dfdl17fc-origin-image.image,2026-06-11,内容场占比低,有样品额度,67,排名251,In Affiliate,https://shop.tiktok.com/view/product/1729819909382445229?region=GB&locale=en,17.8,,,
60天新品,准备投入,1729876457394510065,S260719007888,Miss Zone,女士下装,长裤,4.2,https://p16-she-va.ibyteimg.com/tos-alisg-i-f7lenjegsh-sg/be0fb79bd42c4ab2b87f05d1fdf69b62~tplv-g9dfdl17fc-origin-image.image,2026-07-19,内容场占比低,无样品共资,204,排名258,,https://shop.tiktok.com/view/product/1729876457394510065?region=GB&locale=en,13.9,,,
60天新品,无消耗,1729871089913732028,S260712000741,Denim Bloom,牛仔,牛仔马甲,4.4,https://p16-she-va.ibyteimg.com/tos-alisg-i-f7lenjegsh-sg/eb9196fee5af4b9aa931fd6e2304f044~tplv-g9dfdl17fc-origin-image.image,2026-07-14,内容场占比低,库存不满足,22,排名215,,https://shop.tiktok.com/view/product/1729871089913732028?region=GB&locale=en,15.4,,,
60天新品,无消耗,1729871135514728745,S260712002951,Kitten Knit,女士针织衫,毛衣套头衫,,https://p16-she-va.ibyteimg.com/tos-alisg-i-f7lenjegsh-sg/d6e1e51347774584b8e75baff4f514b1~tplv-g9dfdl17fc-origin-image.image,2026-07-12,内容场占比低,无样品共资,30,排名272,,https://shop.tiktok.com/view/product/1729871135514728745?region=GB&locale=en,13.8,,,
60天新品,准备投入,1729869474172147873,S260709033314,Muse Plus,女士上装,女士休闲夹克和外套,4.3,https://p16-she-va.ibyteimg.com/tos-alisg-i-f7lenjegsh-sg/9f8d91ef43a8412d86b07fe57c4f542a~tplv-g9dfdl17fc-origin-image.image,2026-07-10,内容场占比低,无样品共资,37,排名291,,https://shop.tiktok.com/view/product/1729869474172147873?region=GB&locale=en,9.7,,,
60天新品,无消耗,1729869379070368598,S260709022162,Achengyi,女士针织衫,毛衣开衫,,https://p16-she-va.ibyteimg.com/tos-alisg-i-f7lenjegsh-sg/e20ff6127a49416fbdc797d50f628f09~tplv-g9dfdl17fc-origin-image.image,2026-07-09,内容场占比低,无样品共资,799,排名273,,https://shop.tiktok.com/view/product/1729869379070368598?region=GB&locale=en,13.7,,,
60天新品,准备投入,1729869404417136881,S260709025780,Miss Zone,连体衣,连体裤,4.2,https://p16-she-va.ibyteimg.com/tos-alisg-i-f7lenjegsh-sg/d318a0a0ed534ab98ac78f9341585b12~tplv-g9dfdl17fc-origin-image.image,2026-07-09,内容场占比低,无样品共资,63,排名287,In Affiliate,https://shop.tiktok.com/view/product/1729869404417136881?region=GB&locale=en,14.5,,,
60天新品,无消耗,1729863834140907693,S260630017573,ZIZI Sweater,女士上装,女士休闲夹克和外套,4.4,https://p16-she-va.ibyteimg.com/tos-alisg-i-f7lenjegsh-sg/5461d5cf5ab64ce9be99dc0c90415529~tplv-g9dfdl17fc-origin-image.image,2026-07-09,内容场占比低,无样品共资,66,排名275,,https://shop.tiktok.com/view/product/1729863834140907693?region=GB&locale=en,11.6,,,
60天新品,低消耗,1729863001728981367,S260629013774,LittleBee Co,女士针织衫,毛衣套头衫,,https://p16-she-va.ibyteimg.com/tos-alisg-i-f7lenjegsh-sg/f9cb019aedb94b539d231b268439cb4d~tplv-g9dfdl17fc-origin-image.image,2026-07-09,内容场占比低,无样品共资,26,排名274,,https://shop.tiktok.com/view/product/1729863001728981367?region=GB&locale=en,18.1,,,
60天新品,准备投入,1729868843691120881,S260708036350,Miss Zone,女士上装,女士 T 恤,4.2,https://p16-she-va.ibyteimg.com/tos-alisg-i-f7lenjegsh-sg/21fd3809e529496080e3802c254bb53f~tplv-g9dfdl17fc-origin-image.image,2026-07-08,内容场占比低,无样品共资,64,排名282,,https://shop.tiktok.com/view/product/1729868843691120881?region=GB&locale=en,11.9,,,
60天新品,无消耗,1729868677790341611,S260708026462,Finjani Plus,女士针织衫,毛衣套头衫,4.6,https://p16-she-va.ibyteimg.com/tos-alisg-i-f7lenjegsh-sg/598c462164a84e988f65e6ebde1e5997~tplv-g9dfdl17fc-origin-image.image,2026-07-08,内容场占比低,无样品共资,141,排名283,,https://shop.tiktok.com/view/product/1729868677790341611?region=GB&locale=en,15.9,,,
60天新品,无消耗,1729868649307150827,S260708022062,Finjani Plus,女士连衣裙,休闲连衣裙,4.6,https://p16-she-va.ibyteimg.com/tos-alisg-i-f7lenjegsh-sg/28ab4f2411e64331af6fe355e6d95c51~tplv-g9dfdl17fc-origin-image.image,2026-07-08,内容场占比低,无样品共资,310,排名210,In Affiliate,https://shop.tiktok.com/view/product/1729868649307150827?region=GB&locale=en,14.1,,,
60天新品,准备投入,1729868024276687009,S260707023306,Muse Plus,女士上装,女士衬衫,4.3,https://p16-she-va.ibyteimg.com/tos-alisg-i-f7lenjegsh-sg/8109ae8f7deb41c19155d2f0a0c951d0~tplv-g9dfdl17fc-origin-image.image,2026-07-07,内容场占比低,无样品共资,297,排名289,In Affiliate,https://shop.tiktok.com/view/product/1729868024276687009?region=GB&locale=en,10.3,,,
60天新品,准备投入,1729863480743270561,S260626030786,Muse Plus,女士下装,长裤,4.3,https://p16-she-va.ibyteimg.com/tos-alisg-i-f7lenjegsh-sg/5ddad1c424ed49eabe8e58980b42e6e0~tplv-g9dfdl17fc-origin-image.image,2026-06-30,内容场占比低,无样品共资,561,排名290,In Affiliate,https://shop.tiktok.com/view/product/1729863480743270561?region=GB&locale=en,13.5,,,
60天新品,无消耗,1729859080601966893,S260623037442,Classic & Elegant,女士上装,女士衬衫,4.5,https://p16-she-va.ibyteimg.com/tos-alisg-i-f7lenjegsh-sg/453d82e0c65c47b2a3aa7b6f78aaaf4c~tplv-g9dfdl17fc-origin-image.image,2026-06-23,内容场占比低,无样品共资,1421,排名285,In Affiliate,https://shop.tiktok.com/view/product/1729859080601966893?region=GB&locale=en,10.4,,,
60天新品,准备投入,1729858826605074593,S260623018131,Muse Plus,连体衣,连体裤,4.3,https://p16-she-va.ibyteimg.com/tos-alisg-i-f7lenjegsh-sg/f8829213b1894206bcb1c8540304cc21~tplv-g9dfdl17fc-origin-image.image,2026-06-23,内容场占比低,无样品共资,271,排名261,In Affiliate,https://shop.tiktok.com/view/product/1729858826605074593?region=GB&locale=en,12.1,,,
60天新品,准备投入,1729861929219168417,S260627012575,Muse Plus,女士下装,半身裙,4.3,https://p16-she-va.ibyteimg.com/tos-alisg-i-f7lenjegsh-sg/73da4a83e9f14aa4b071f2449d10f2d6~tplv-g9dfdl17fc-origin-image.image,2026-06-27,内容场占比低,无样品共资,197,排名288,In Affiliate,https://shop.tiktok.com/view/product/1729861929219168417?region=GB&locale=en,12.9,,,
60天新品,无消耗,1729860109651974635,S260625004935,Finjani Plus,女士连衣裙,休闲连衣裙,4.6,https://p16-she-va.ibyteimg.com/tos-alisg-i-f7lenjegsh-sg/6e4c6e41fc55466597d0e34c17c3a580~tplv-g9dfdl17fc-origin-image.image,2026-06-25,内容场占比低,无样品共资,385,排名286,In Affiliate,https://shop.tiktok.com/view/product/1729860109651974635?region=GB&locale=en,14.2,,,
60天新品,准备投入,1729864040817072289,S260630035498,Muse Plus,女士套装及西服,女士西装外套,4.3,https://p16-she-va.ibyteimg.com/tos-alisg-i-f7lenjegsh-sg/914451bedb2541ec88d0b57e9cecadee~tplv-g9dfdl17fc-origin-image.image,2026-06-30,内容场占比低,无样品共资,115,排名280,In Affiliate,https://shop.tiktok.com/view/product/1729864040817072289?region=GB&locale=en,19.4,,,
60天新品,准备投入,1729884301002512545,S260731006089,Muse Plus,女士上装,女士休闲夹克和外套,4.3,https://p16-she-va.ibyteimg.com/tos-alisg-i-f7lenjegsh-sg/ed405fe1757245ba8f5bb88425efc03c~tplv-g9dfdl17fc-origin-image.image,2026-07-31,,无样品共资,109,排名295,,https://shop.tiktok.com/view/product/1729884301002512545?region=GB&locale=en,12.9,,,
60天新品,低消耗,1729871327025207828,S260712017672,Tough Pengks,女士下装,长裤,4.4,https://p16-she-va.ibyteimg.com/tos-alisg-i-f7lenjegsh-sg/79e27ac8edd94a4b93367d8dbacfcf43~tplv-g9dfdl17fc-origin-image.image,2026-07-16,,无样品共资,50,排名296,,https://shop.tiktok.com/view/product/1729871327025207828?region=GB&locale=en,12.7,,,
60天新品,无消耗,1729864624254196109,S260701028527,Rusttydustty Curve,连体衣,连体裤,4.4,https://p16-she-va.ibyteimg.com/tos-alisg-i-f7lenjegsh-sg/5e23d8918b2d41308882e47f5e120e8a~tplv-g9dfdl17fc-origin-image.image,2026-07-22,,无样品共资,85,排名297,,https://shop.tiktok.com/view/product/1729864624254196109?region=GB&locale=en,11.0,,,
60天新品,高投入,1729875461388343639,S260717014934,FOXCLAW Curve,女士上装,女士衬衫,4.2,https://p16-she-va.ibyteimg.com/tos-alisg-i-f7lenjegsh-sg/c832f3347044490c8a994e5ef67f5ad7~tplv-g9dfdl17fc-origin-image.image,2026-07-22,,库存不满足,23,排名298,,https://shop.tiktok.com/view/product/1729875461388343639?region=GB&locale=en,8.8,,,
60天新品,无消耗,1729866822069164361,S260705006722,XL Sweat,女士针织衫,毛衣套头衫,4.6,https://p16-she-va.ibyteimg.com/tos-alisg-i-f7lenjegsh-sg/0fe3fd9c502f4d02a60ff9b5a3ff5802~tplv-g9dfdl17fc-origin-image.image,2026-07-11,,库存不满足,24,排名299,,https://shop.tiktok.com/view/product/1729866822069164361?region=GB&locale=en,12.9,,,
60天新品,无消耗,1729885327839500349,S260802007596,Chic Saddle,牛仔,牛仔外套,,https://p16-she-va.ibyteimg.com/tos-alisg-i-f7lenjegsh-sg/41b3c2f889fa4d1c899a5a5ece181275~tplv-g9dfdl17fc-origin-image.image,2026-08-02,,库存不满足,25,排名300,,https://shop.tiktok.com/view/product/1729885327839500349?region=GB&locale=en,19.9,,,
60天新品,低消耗,1729877867267397852,S260721008687,ZOHRA,女士下装,紧身裤,4.5,https://p16-she-va.ibyteimg.com/tos-alisg-i-f7lenjegsh-sg/6782a0526f0a4f9c802146fae54fce2c~tplv-g9dfdl17fc-origin-image.image,2026-07-27,,有样品额度,72,排名301,,https://shop.tiktok.com/view/product/1729877867267397852?region=GB&locale=en,7.9,,,
60天新品,无消耗,1729877150534703206,S260714033004,JN Chic Budget Chic,女士针织衫,毛衣套头衫,,https://p16-she-va.ibyteimg.com/tos-alisg-i-f7lenjegsh-sg/3451a93cac66469081f060284f21be3c~tplv-g9dfdl17fc-origin-image.image,2026-07-20,,无样品共资,200,排名302,,https://shop.tiktok.com/view/product/1729877150534703206?region=GB&locale=en,16.6,,,
60天新品,低消耗,1729812275769350208,S260228043952,CHILL SKILL,女士下装,长裤,4.8,https://p16-she-va.ibyteimg.com/tos-alisg-i-f7lenjegsh-sg/3dcec6befd644d819b4675a87baf4728~tplv-g9dfdl17fc-origin-image.image,2026-07-24,,无样品共资,42,排名303,,https://shop.tiktok.com/view/product/1729812275769350208?region=GB&locale=en,10.0,,,
60天新品,无消耗,1729863176397297751,S260629027467,TWdream,女士套装及西服,长裤套装,4.2,https://p16-she-va.ibyteimg.com/tos-alisg-i-f7lenjegsh-sg/f5571737442e49b897b02799ef5c5e33~tplv-g9dfdl17fc-origin-image.image,2026-06-29,,无样品共资,270,排名304,,https://shop.tiktok.com/view/product/1729863176397297751?region=GB&locale=en,15.9,,,
60天新品,无消耗,1729872705479612713,S260623008877,Kitten Knit,女士针织衫,毛衣马甲,,https://p16-she-va.ibyteimg.com/tos-alisg-i-f7lenjegsh-sg/d8afe5b654844258bcaced4cfa7a648a~tplv-g9dfdl17fc-origin-image.image,2026-07-14,,无样品共资,30,排名305,,https://shop.tiktok.com/view/product/1729872705479612713?region=GB&locale=en,15.0,,,
60天新品,无消耗,1729872021913835817,S260713027620,Kitten Knit,女士针织衫,毛衣开衫,,https://p16-she-va.ibyteimg.com/tos-alisg-i-f7lenjegsh-sg/388ec1fbbc104b4f948692e8477e4a84~tplv-g9dfdl17fc-origin-image.image,2026-07-13,,无样品共资,252,排名306,,https://shop.tiktok.com/view/product/1729872021913835817?region=GB&locale=en,15.7,,,
60天新品,无消耗,1729883494386408194,S260729035021,Frame Wear,女士针织衫,毛衣套头衫,,https://p16-she-va.ibyteimg.com/tos-alisg-i-f7lenjegsh-sg/3095a60e497a49d4b33c7b4493256e94~tplv-g9dfdl17fc-origin-image.image,2026-07-30,,无样品共资,120,排名307,,https://shop.tiktok.com/view/product/1729883494386408194?region=GB&locale=en,16.7,,,
60天新品,无消耗,1729872820194614204,S260714018405,Denim Bloom,牛仔,牛仔衬衫,4.4,https://p16-she-va.ibyteimg.com/tos-alisg-i-f7lenjegsh-sg/4babe29b14594f9281e2f823d1e3b1df~tplv-g9dfdl17fc-origin-image.image,2026-07-16,,无样品共资,32,排名308,,https://shop.tiktok.com/view/product/1729872820194614204?region=GB&locale=en,16.0,,,
60天新品,无消耗,1729881111939618989,S260726004726,ZIZI Sweater,女士针织衫,毛衣开衫,4.4,https://p16-she-va.ibyteimg.com/tos-alisg-i-f7lenjegsh-sg/bc7e94ac4aa34f2d940f493ce4ead326~tplv-g9dfdl17fc-origin-image.image,2026-07-31,,库存不满足,28,排名309,,https://shop.tiktok.com/view/product/1729881111939618989?region=GB&locale=en,11.0,,,
60天新品,低消耗,1729853079676688604,S260613012125,ZOHRA,女士上装,女士背心&吊带衫,4.5,https://p16-she-va.ibyteimg.com/tos-alisg-i-f7lenjegsh-sg/6eb20c6c1c3a4a4f97b7974c45d12afb~tplv-g9dfdl17fc-origin-image.image,2026-06-13,,有样品额度,177,排名310,In Affiliate,https://shop.tiktok.com/view/product/1729853079676688604?region=GB&locale=en,7.2,,,
60天新品,无消耗,1729872194718832742,S260713038411,JN Chic Budget Chic,女士针织衫,毛衣套头衫,,https://p16-she-va.ibyteimg.com/tos-alisg-i-f7lenjegsh-sg/dd921447a8594b1fbaf4aa63d45d8e0e~tplv-g9dfdl17fc-origin-image.image,2026-07-13,,无样品共资,200,排名311,,https://shop.tiktok.com/view/product/1729872194718832742?region=GB&locale=en,17.0,,,
60天新品,低消耗,1729883813909272649,S260729009916,Easy Buy Relax,女士下装,长裤,4.2,https://p16-she-va.ibyteimg.com/tos-alisg-i-f7lenjegsh-sg/32ce935ff9194ebf852753fa3a1b24ef~tplv-g9dfdl17fc-origin-image.image,2026-07-31,,无样品共资,35,排名312,,https://shop.tiktok.com/view/product/1729883813909272649?region=GB&locale=en,9.0,,,
60天新品,低消耗,1729880753494399037,S260725012702,Modish Moo,牛仔,牛仔连衣裙,4.4,https://p16-she-va.ibyteimg.com/tos-alisg-i-f7lenjegsh-sg/c4c3a5ad5c064004b1fad0cb4d5d635c~tplv-g9dfdl17fc-origin-image.image,2026-07-25,,库存不满足,25,排名313,,https://shop.tiktok.com/view/product/1729880753494399037?region=GB&locale=en,24.1,,,
60天新品,无消耗,1729875486391048294,S260717018972,JN Chic Budget Chic,女士针织衫,毛衣开衫,,https://p16-she-va.ibyteimg.com/tos-alisg-i-f7lenjegsh-sg/ea882bf683fc423ea43e2d726f016920~tplv-g9dfdl17fc-origin-image.image,2026-07-17,,无样品共资,199,排名314,,https://shop.tiktok.com/view/product/1729875486391048294?region=GB&locale=en,28.8,,,
60天新品,无消耗,1729876397163584444,S260719002971,Denim Bloom,牛仔,牛仔衬衫,4.4,https://p16-she-va.ibyteimg.com/tos-alisg-i-f7lenjegsh-sg/0a0d4e3d283d4b6ab60740bf5403b0a4~tplv-g9dfdl17fc-origin-image.image,2026-07-20,,库存不满足,24,排名315,,https://shop.tiktok.com/view/product/1729876397163584444?region=GB&locale=en,21.1,,,
60天新品,低消耗,1729862023684397783,S260627024009,Coveira Mode,女士连衣裙,休闲连衣裙,4.2,https://p16-she-va.ibyteimg.com/tos-alisg-i-f7lenjegsh-sg/3e569988f75243d0bda224e841cc1923~tplv-g9dfdl17fc-origin-image.image,2026-06-27,内容场占比低,无样品共资,829,排名161,In Affiliate,https://shop.tiktok.com/view/product/1729862023684397783?region=GB&locale=en,19.5,,,
60天新品,无消耗,1729868032448108873,S260707023884,XL Sweat,女士针织衫,毛衣套头衫,4.6,https://p16-she-va.ibyteimg.com/tos-alisg-i-f7lenjegsh-sg/b36b866c784b41cc960f35a0b428d0b9~tplv-g9dfdl17fc-origin-image.image,2026-07-18,,库存不满足,25,排名316,,https://shop.tiktok.com/view/product/1729868032448108873?region=GB&locale=en,12.2,,,
60天新品,无消耗,1729872045727651920,S260713029728,Volara,女士上装,女士休闲夹克和外套,,https://p16-she-va.ibyteimg.com/tos-alisg-i-f7lenjegsh-sg/ea10013549e9493882018aa2861840f6~tplv-g9dfdl17fc-origin-image.image,2026-07-13,,无样品共资,85,排名317,,https://shop.tiktok.com/view/product/1729872045727651920?region=GB&locale=en,12.1,,,
60天新品,无消耗,1729865194712897865,S260702015764,XL Sweat,女士针织衫,毛衣开衫,4.6,https://p16-she-va.ibyteimg.com/tos-alisg-i-f7lenjegsh-sg/40591ea64f1d4ca1be48ac10a21ef391~tplv-g9dfdl17fc-origin-image.image,2026-07-10,,库存不满足,23,排名318,,https://shop.tiktok.com/view/product/1729865194712897865?region=GB&locale=en,22.8,,,
60天新品,无消耗,1729877274918099046,S260720038933,JN Chic Budget Chic,女士针织衫,毛衣开衫,,https://p16-she-va.ibyteimg.com/tos-alisg-i-f7lenjegsh-sg/82b804b8ea304797844986ffef13d1b2~tplv-g9dfdl17fc-origin-image.image,2026-07-20,,无样品共资,200,排名319,,https://shop.tiktok.com/view/product/1729877274918099046?region=GB&locale=en,19.1,,,
60天新品,无消耗,1729880626572008205,S260725006158,Whitneyan,女士上装,女士毛绒夹克,4.4,https://p16-she-va.ibyteimg.com/tos-alisg-i-f7lenjegsh-sg/831e6231e15f490b83ae55219c4a00e2~tplv-g9dfdl17fc-origin-image.image,2026-07-29,,无样品共资,300,排名320,,https://shop.tiktok.com/view/product/1729880626572008205?region=GB&locale=en,18.7,,,
60天新品,无消耗,1729861703664769818,S260627002182,Freetreestudio,女士套装及西服,长裤套装,4,https://p16-she-va.ibyteimg.com/tos-alisg-i-f7lenjegsh-sg/5b0e420f81cd49ca9f60c0c88a2e7000~tplv-g9dfdl17fc-origin-image.image,2026-06-27,,无样品共资,54,排名321,,https://shop.tiktok.com/view/product/1729861703664769818?region=GB&locale=en,14.7,,,
60天新品,无消耗,1729884265983744857,S260731003425,Budget Euro Chic,女士上装,女士休闲夹克和外套,4.3,https://p16-she-va.ibyteimg.com/tos-alisg-i-f7lenjegsh-sg/aa9b21cad8c248fdabbcc77bdc97202a~tplv-g9dfdl17fc-origin-image.image,2026-07-31,,无样品共资,100,排名322,,https://shop.tiktok.com/view/product/1729884265983744857?region=GB&locale=en,22.8,,,
60天新品,无消耗,1729881268723685501,S260726018522,SS VARAH,女士针织衫,毛衣开衫,,https://p16-she-va.ibyteimg.com/tos-alisg-i-f7lenjegsh-sg/5096fc76036f44d3b69a60d0a9503eed~tplv-g9dfdl17fc-origin-image.image,2026-07-26,,无样品共资,12496,排名323,,https://shop.tiktok.com/view/product/1729881268723685501?region=GB&locale=en,13.3,,,
60天新品,无消耗,1729852591932545325,S260612033310,Classic & Elegant,女士上装,女士背心&吊带衫,4.5,https://p16-she-va.ibyteimg.com/tos-alisg-i-f7lenjegsh-sg/d938e80d6fc3455590a5e4a70363881a~tplv-g9dfdl17fc-origin-image.image,2026-06-14,,无样品共资,2196,排名324,,https://shop.tiktok.com/view/product/1729852591932545325?region=GB&locale=en,11.1,,,
60天新品,无消耗,1729879220581013995,S260723008624,Finjani Plus,女士套装及西服,女士西装外套,4.6,https://p16-she-va.ibyteimg.com/tos-alisg-i-f7lenjegsh-sg/85123d3df76a463d9f252b3d16eba66a~tplv-g9dfdl17fc-origin-image.image,2026-07-23,,无样品共资,56,排名325,,https://shop.tiktok.com/view/product/1729879220581013995?region=GB&locale=en,15.0,,,
60天新品,低消耗,1729881526473366231,S260727001815,Coveira Mode,连体衣,连体裤,4.2,https://p16-she-va.ibyteimg.com/tos-alisg-i-f7lenjegsh-sg/5e9bc303b5404543bc353375e58d174d~tplv-g9dfdl17fc-origin-image.image,2026-07-27,内容场占比低,无样品共资,599,排名225,,https://shop.tiktok.com/view/product/1729881526473366231?region=GB&locale=en,13.2,,,
60天新品,无消耗,1729877564531513446,S250731025924,JN Chic Budget Chic,女士针织衫,毛衣开衫,,https://p16-she-va.ibyteimg.com/tos-alisg-i-f7lenjegsh-sg/acf7c35724244939aaf0a12871a0971b~tplv-g9dfdl17fc-origin-image.image,2026-07-21,,无样品共资,4000,排名326,,https://shop.tiktok.com/view/product/1729877564531513446?region=GB&locale=en,14.2,,,
60天新品,无消耗,1729840008046549577,S260602018819,MFN Women's clothing,女士上装,女士休闲夹克和外套,,https://p16-she-va.ibyteimg.com/tos-alisg-i-f7lenjegsh-sg/5bb9b4e41eaa40349c233fd0ce9419d6~tplv-g9dfdl17fc-origin-image.image,2026-06-08,,无样品共资,99,排名327,,https://shop.tiktok.com/view/product/1729840008046549577?region=GB&locale=en,32.6,,,
60天新品,无消耗,1729879838485944769,S260724000110,Giolshon Plus,女士上装,女士风衣与雨衣,4.2,https://p16-she-va.ibyteimg.com/tos-alisg-i-f7lenjegsh-sg/b2d64609cef34dbba9d1f29326a69faa~tplv-g9dfdl17fc-origin-image.image,2026-07-30,,无样品共资,97,排名328,,https://shop.tiktok.com/view/product/1729879838485944769?region=GB&locale=en,28.0,,,
60天新品,无消耗,1729881456261634173,S260723032586,SS VARAH,女士针织衫,毛衣开衫,,https://p16-she-va.ibyteimg.com/tos-alisg-i-f7lenjegsh-sg/13fb6b1db4dc4f698036d0d5b1602b96~tplv-g9dfdl17fc-origin-image.image,2026-07-27,,无样品共资,5017,排名329,,https://shop.tiktok.com/view/product/1729881456261634173?region=GB&locale=en,14.0,,,
60天新品,无消耗,1729882089973192797,S260724034273,Comfortable Couture,女士上装,女士衬衫,4.5,https://p16-she-va.ibyteimg.com/tos-alisg-i-f7lenjegsh-sg/e5d1f01c2b4442a8894011f5f6bd8c61~tplv-g9dfdl17fc-origin-image.image,2026-07-28,,无样品共资,600,排名330,,https://shop.tiktok.com/view/product/1729882089973192797?region=GB&locale=en,10.2,,,
60天新品,无消耗,1729860300817996077,S260625013607,Classic & Elegant,女士上装,女士衬衫,4.5,https://p16-she-va.ibyteimg.com/tos-alisg-i-f7lenjegsh-sg/f3662618e72e40a9a5270b829e138429~tplv-g9dfdl17fc-origin-image.image,2026-06-25,,无样品共资,456,排名331,,https://shop.tiktok.com/view/product/1729860300817996077?region=GB&locale=en,12.6,,,
60天新品,无消耗,1729874202374020028,S260716000864,Denim Bloom,牛仔,牛仔衬衫,4.4,https://p16-she-va.ibyteimg.com/tos-alisg-i-f7lenjegsh-sg/f4147fb947644b72a7b2a2c80d05012e~tplv-g9dfdl17fc-origin-image.image,2026-07-17,,库存不满足,23,排名332,,https://shop.tiktok.com/view/product/1729874202374020028?region=GB&locale=en,16.0,,,
60天新品,无消耗,1729841856429464276,S260604032993,YIMANSHA Closet,女士针织衫,毛衣套头衫,4.5,https://p16-she-va.ibyteimg.com/tos-alisg-i-f7lenjegsh-sg/551237d310984947b1a55bd33f6daa7e~tplv-g9dfdl17fc-origin-image.image,2026-06-10,,有样品额度,378,排名333,,https://shop.tiktok.com/view/product/1729841856429464276?region=GB&locale=en,17.7,,,
60天新品,无消耗,1729873018510219913,S260714034821,.Home sweet home,连体衣,紧身衣,4.5,https://p16-she-va.ibyteimg.com/tos-alisg-i-f7lenjegsh-sg/58c2527fbfe44b86a07005995a07b4e8~tplv-g9dfdl17fc-origin-image.image,2026-07-15,,无样品共资,36,排名334,,https://shop.tiktok.com/view/product/1729873018510219913?region=GB&locale=en,12.5,,,
60天新品,准备投入,1729868676466448625,S260708026261,Miss Zone,连体衣,连体裤,4.2,https://p16-she-va.ibyteimg.com/tos-alisg-i-f7lenjegsh-sg/318035952baf41429d7bd93b1750464b~tplv-g9dfdl17fc-origin-image.image,2026-07-08,,无样品共资,48,排名335,,https://shop.tiktok.com/view/product/1729868676466448625?region=GB&locale=en,13.6,,,
60天新品,无消耗,1729881110888487085,S260726004626,ZIZI Sweater,女士针织衫,毛衣开衫,4.4,https://p16-she-va.ibyteimg.com/tos-alisg-i-f7lenjegsh-sg/f71eb5a68dd9444eacf57db95f5a911a~tplv-g9dfdl17fc-origin-image.image,2026-07-29,,库存不满足,25,排名336,,https://shop.tiktok.com/view/product/1729881110888487085?region=GB&locale=en,11.7,,,
60天新品,无消耗,1729882090089323145,S260724024585,.Home sweet home,女士连衣裙,休闲连衣裙,4.5,https://p16-she-va.ibyteimg.com/tos-alisg-i-f7lenjegsh-sg/0008033452964bf2afc8124525cf4b59~tplv-g9dfdl17fc-origin-image.image,2026-07-28,,无样品共资,80,排名337,,https://shop.tiktok.com/view/product/1729882090089323145?region=GB&locale=en,16.9,,,
60天新品,无消耗,1729880896866785929,S260725026055,.Belle.,女士针织衫,毛织长裤套装,4.5,https://p16-she-va.ibyteimg.com/tos-alisg-i-f7lenjegsh-sg/a5156ad303a34fec9effd3acf5ab8a23~tplv-g9dfdl17fc-origin-image.image,2026-07-27,,无样品共资,65,排名338,,https://shop.tiktok.com/view/product/1729880896866785929?region=GB&locale=en,24.6,,,
60天新品,无消耗,1729877235052157577,S260720036674,.Home sweet home,女士连衣裙,晚礼服,4.5,https://p16-she-va.ibyteimg.com/tos-alisg-i-f7lenjegsh-sg/5c130d21b4c54d438eed1c7907b72696~tplv-g9dfdl17fc-origin-image.image,2026-07-20,,无样品共资,66,排名339,,https://shop.tiktok.com/view/product/1729877235052157577?region=GB&locale=en,17.2,,,
60天新品,无消耗,1729883207234066881,S260729003000,Giolshon Plus,女士上装,女士棉服,4.2,https://p16-she-va.ibyteimg.com/tos-alisg-i-f7lenjegsh-sg/c13e1b06774b47b38a98661d578a0140~tplv-g9dfdl17fc-origin-image.image,2026-08-02,,无样品共资,50,排名340,,https://shop.tiktok.com/view/product/1729883207234066881?region=GB&locale=en,27.2,,,
60天新品,无消耗,1729857666198509897,S260621017889,XL Sweat,女士针织衫,毛衣开衫,4.6,https://p16-she-va.ibyteimg.com/tos-alisg-i-f7lenjegsh-sg/642257231aba428a94f204adb271a3c4~tplv-g9dfdl17fc-origin-image.image,2026-07-22,内容场占比低,无样品共资,218,排名281,,https://shop.tiktok.com/view/product/1729857666198509897?region=GB&locale=en,13.7,,,
60天新品,无消耗,1729854533948381485,S260616010400,Demi Fit,女士套装及西服,长裤套装,4.1,https://p16-she-va.ibyteimg.com/tos-alisg-i-f7lenjegsh-sg/7e6f4801147242898b5bc40f4e7f2ec6~tplv-g9dfdl17fc-origin-image.image,2026-06-16,,无样品共资,250,排名341,,https://shop.tiktok.com/view/product/1729854533948381485?region=GB&locale=en,22.1,,,
60天新品,无消耗,1729870814117927561,S260711027458,.Home sweet home,女士上装,女士休闲夹克和外套,4.5,https://p16-she-va.ibyteimg.com/tos-alisg-i-f7lenjegsh-sg/143f489d89704752b35f6f9930622796~tplv-g9dfdl17fc-origin-image.image,2026-07-11,,无样品共资,67,排名342,,https://shop.tiktok.com/view/product/1729870814117927561?region=GB&locale=en,11.2,,,
60天新品,无消耗,1729880063247489473,S260724013824,Giolshon Plus,女士上装,女士棉服,4.2,https://p16-she-va.ibyteimg.com/tos-alisg-i-f7lenjegsh-sg/db06d8487f5d43a0a5863cfe288a4e69~tplv-g9dfdl17fc-origin-image.image,2026-07-27,,无样品共资,75,排名343,,https://shop.tiktok.com/view/product/1729880063247489473?region=GB&locale=en,22.5,,,
60天新品,无消耗,1729868668587383275,S260708025100,Finjani Plus,女士针织衫,毛衣开衫,4.6,https://p16-she-va.ibyteimg.com/tos-alisg-i-f7lenjegsh-sg/575f6e9b4bac47bd87f97d148ec92127~tplv-g9dfdl17fc-origin-image.image,2026-07-08,,无样品共资,68,排名344,,https://shop.tiktok.com/view/product/1729868668587383275?region=GB&locale=en,13.2,,,
60天新品,无消耗,1729871141755197548,S260712003310,Fashion&Diva,女士上装,女士休闲夹克和外套,,https://p16-she-va.ibyteimg.com/tos-alisg-i-f7lenjegsh-sg/7ee820edbd8649dd974457aae713ed05~tplv-g9dfdl17fc-origin-image.image,2026-07-12,,无样品共资,200,排名345,,https://shop.tiktok.com/view/product/1729871141755197548?region=GB&locale=en,12.3,,,
60天新品,无消耗,1729885284804106889,S260728035824,.Home sweet home,女士上装,女士连帽卫衣,4.5,https://p16-she-va.ibyteimg.com/tos-alisg-i-f7lenjegsh-sg/2bea8455386c419f916cf1c42ab9c4f0~tplv-g9dfdl17fc-origin-image.image,2026-08-02,,无样品共资,109,排名346,,https://shop.tiktok.com/view/product/1729885284804106889?region=GB&locale=en,11.0,,,
60天新品,无消耗,1729882314680015805,S260725020748,Chic Shorties,女士上装,女士套头卫衣,,https://p16-she-va.ibyteimg.com/tos-alisg-i-f7lenjegsh-sg/dc72c5a96f7f45339859cb942b63a6f1~tplv-g9dfdl17fc-origin-image.image,2026-07-30,,库存不满足,25,排名347,,https://shop.tiktok.com/view/product/1729882314680015805?region=GB&locale=en,8.4,,,
60天新品,无消耗,1729861975534902042,S260627017757,Freetreestudio,女士上装,女士休闲夹克和外套,4,https://p16-she-va.ibyteimg.com/tos-alisg-i-f7lenjegsh-sg/a9019d6e865646fd91229380e3d7ac85~tplv-g9dfdl17fc-origin-image.image,2026-06-27,,无样品共资,55,排名348,,https://shop.tiktok.com/view/product/1729861975534902042?region=GB&locale=en,14.1,,,
60天新品,无消耗,1729876129004034150,S260718020379,JN Chic Budget Chic,女士针织衫,毛衣套头衫,,https://p16-she-va.ibyteimg.com/tos-alisg-i-f7lenjegsh-sg/5ba363f826a140b2b48f8bc507957664~tplv-g9dfdl17fc-origin-image.image,2026-07-18,,无样品共资,200,排名349,,https://shop.tiktok.com/view/product/1729876129004034150?region=GB&locale=en,17.5,,,
60天新品,无消耗,1729876478498937591,S260719010545,Dressy Box,女士上装,女士休闲夹克和外套,,https://p16-she-va.ibyteimg.com/tos-alisg-i-f7lenjegsh-sg/b87ec2b0f5274a67962e759faa33bbaf~tplv-g9dfdl17fc-origin-image.image,2026-07-26,,无样品共资,25,排名350,,https://shop.tiktok.com/view/product/1729876478498937591?region=GB&locale=en,14.5,,,
60天新品,准备投入,1729884582017800353,S260731020745,Muse Plus,女士针织衫,毛衣开衫,4.3,https://p16-she-va.ibyteimg.com/tos-alisg-i-f7lenjegsh-sg/4a1d3e025adb473d9429d6e50a9a5d61~tplv-g9dfdl17fc-origin-image.image,2026-07-31,,无样品共资,182,排名351,,https://shop.tiktok.com/view/product/1729884582017800353?region=GB&locale=en,15.1,,,
60天新品,无消耗,1729871225507978172,S260712007838,Denim Bloom,牛仔,牛仔外套,4.4,https://p16-she-va.ibyteimg.com/tos-alisg-i-f7lenjegsh-sg/1869354638a74c30951b4f27db47525e~tplv-g9dfdl17fc-origin-image.image,2026-07-14,,库存不满足,24,排名352,,https://shop.tiktok.com/view/product/1729871225507978172?region=GB&locale=en,22.0,,,
60天新品,无消耗,1729876388941634492,S260719001264,Denim Bloom,牛仔,牛仔外套,4.4,https://p16-she-va.ibyteimg.com/tos-alisg-i-f7lenjegsh-sg/6a89e9631372407c992c4c599ec48527~tplv-g9dfdl17fc-origin-image.image,2026-07-20,,无样品共资,43,排名353,,https://shop.tiktok.com/view/product/1729876388941634492?region=GB&locale=en,15.5,,,
60天新品,高投入,1729871701403474263,S260713002658,FOXCLAW Curve,女士连衣裙,休闲连衣裙,4.2,https://p16-she-va.ibyteimg.com/tos-alisg-i-f7lenjegsh-sg/3b8a86eb9d474965a5a16c9ea3e8f372~tplv-g9dfdl17fc-origin-image.image,2026-07-22,,无样品共资,35,排名354,,https://shop.tiktok.com/view/product/1729871701403474263?region=GB&locale=en,12.9,,,
60天新品,无消耗,1729881195443493193,S260726011172,XL Sweat,女士针织衫,毛衣套头衫,4.6,https://p16-she-va.ibyteimg.com/tos-alisg-i-f7lenjegsh-sg/2b539a1c48724e49a220de7fc0f26148~tplv-g9dfdl17fc-origin-image.image,2026-07-31,,有样品额度,40,排名355,,https://shop.tiktok.com/view/product/1729881195443493193?region=GB&locale=en,11.3,,,
60天新品,无消耗,1729878382557895147,S260722002343,Finjani Plus,女士上装,女士休闲夹克和外套,4.6,https://p16-she-va.ibyteimg.com/tos-alisg-i-f7lenjegsh-sg/d65bd06ee3e145368891e2330f3ee682~tplv-g9dfdl17fc-origin-image.image,2026-07-22,,无样品共资,74,排名356,,https://shop.tiktok.com/view/product/1729878382557895147?region=GB&locale=en,13.2,,,
60天新品,高投入,1729885242396612951,S260723021761,FOXCLAW Curve,女士上装,女士衬衫,4.2,https://p16-she-va.ibyteimg.com/tos-alisg-i-f7lenjegsh-sg/8e173475a2754043a335e42314fb152c~tplv-g9dfdl17fc-origin-image.image,2026-08-02,,库存不满足,30,排名357,,https://shop.tiktok.com/view/product/1729885242396612951?region=GB&locale=en,11.8,,,
60天新品,无消耗,1729876046349900105,S260718009813,XL Sweat,女士针织衫,毛衣开衫,4.6,https://p16-she-va.ibyteimg.com/tos-alisg-i-f7lenjegsh-sg/7539758bc8a041eb82af59e22c0832d2~tplv-g9dfdl17fc-origin-image.image,2026-07-22,,有样品额度,55,排名358,,https://shop.tiktok.com/view/product/1729876046349900105?region=GB&locale=en,14.7,,,
60天新品,无消耗,1729877150563080294,S260714035417,JN Chic Budget Chic,女士针织衫,毛衣套头衫,,https://p16-she-va.ibyteimg.com/tos-alisg-i-f7lenjegsh-sg/6e4cb3cb68c04e3699dc413a61b2f043~tplv-g9dfdl17fc-origin-image.image,2026-07-20,,无样品共资,200,排名359,,https://shop.tiktok.com/view/product/1729877150563080294?region=GB&locale=en,16.7,,,
60天新品,无消耗,1729880923164285030,S260725027670,JN Chic Budget Chic,女士针织衫,毛衣开衫,,https://p16-she-va.ibyteimg.com/tos-alisg-i-f7lenjegsh-sg/f861f5b16f8d4fefad2297e0363427b5~tplv-g9dfdl17fc-origin-image.image,2026-07-25,,无样品共资,200,排名360,,https://shop.tiktok.com/view/product/1729880923164285030?region=GB&locale=en,17.8,,,
60天新品,无消耗,1729861854031616437,S260627007126,Performer Dresses,女士上装,女士羊毛和短呢大衣,4.4,https://p16-she-va.ibyteimg.com/tos-alisg-i-f7lenjegsh-sg/2a57a0d691344921bf327b507c720732~tplv-g9dfdl17fc-origin-image.image,2026-07-23,,无样品共资,45,排名361,,https://shop.tiktok.com/view/product/1729861854031616437?region=GB&locale=en,16.0,,,
60天新品,高投入,1729879803923962199,S260723002496,FOXCLAW Curve,女士下装,长裤,4.2,https://p16-she-va.ibyteimg.com/tos-alisg-i-f7lenjegsh-sg/45b11dece3274655bb8d12274e1ecbba~tplv-g9dfdl17fc-origin-image.image,2026-07-27,,库存不满足,24,排名362,,https://shop.tiktok.com/view/product/1729879803923962199?region=GB&locale=en,9.6,,,
60天新品,无消耗,1729873785527834685,S260715023685,Chic Saddle,牛仔,牛仔外套,,https://p16-she-va.ibyteimg.com/tos-alisg-i-f7lenjegsh-sg/2f62eac1935c4f7399711e0265a902a3~tplv-g9dfdl17fc-origin-image.image,2026-07-16,,无样品共资,55,排名363,,https://shop.tiktok.com/view/product/1729873785527834685?region=GB&locale=en,22.7,,,
60天新品,高投入,1729871096505997655,S260712001003,FOXCLAW Curve,女士下装,长裤,4.2,https://p16-she-va.ibyteimg.com/tos-alisg-i-f7lenjegsh-sg/d68d7279a9ba4c678dcef9603f5ab6de~tplv-g9dfdl17fc-origin-image.image,2026-07-28,,无样品共资,35,排名364,,https://shop.tiktok.com/view/product/1729871096505997655?region=GB&locale=en,9.2,,,
60天新品,低消耗,1729878708879530847,S260722028128,Chic Curves,女士连衣裙,休闲连衣裙,4,https://p16-she-va.ibyteimg.com/tos-alisg-i-f7lenjegsh-sg/66feb2086fb343db8612769a8b0bc4b6~tplv-g9dfdl17fc-origin-image.image,2026-07-31,,库存不满足,24,排名365,,https://shop.tiktok.com/view/product/1729878708879530847?region=GB&locale=en,14.6,,,
60天新品,无消耗,1729882093214144614,S260722035031,JN Chic Budget Chic,女士针织衫,毛衣开衫,,https://p16-she-va.ibyteimg.com/tos-alisg-i-f7lenjegsh-sg/9f49e18c24f449919f0bae347f5327da~tplv-g9dfdl17fc-origin-image.image,2026-07-28,,无样品共资,200,排名366,,https://shop.tiktok.com/view/product/1729882093214144614?region=GB&locale=en,18.3,,,
60天新品,无消耗,1729846697937050091,S260609001730,Finjani Plus,女士套装及西服,长裤套装,4.6,https://p16-she-va.ibyteimg.com/tos-alisg-i-f7lenjegsh-sg/7408aeb77aea43bfb08b4c7d41f7db6e~tplv-g9dfdl17fc-origin-image.image,2026-06-09,,无样品共资,277,排名367,,https://shop.tiktok.com/view/product/1729846697937050091?region=GB&locale=en,20.3,,,
60天新品,低消耗,1729861093197715676,S260626006484,ZOHRA,女士上装,女士休闲夹克和外套,4.5,https://p16-she-va.ibyteimg.com/tos-alisg-i-f7lenjegsh-sg/1706ddafdcd24d2dbb675a2bae0ab63e~tplv-g9dfdl17fc-origin-image.image,2026-06-26,,有样品额度,66,排名368,,https://shop.tiktok.com/view/product/1729861093197715676?region=GB&locale=en,13.9,,,
60天新品,准备投入,1729857899273558257,S260507028462,Miss Zone,女士下装,长裤,4.2,https://p16-she-va.ibyteimg.com/tos-alisg-i-f7lenjegsh-sg/a9106e25fb2340e7bc5889c24a018c59~tplv-g9dfdl17fc-origin-image.image,2026-06-22,,无样品共资,219,排名369,,https://shop.tiktok.com/view/product/1729857899273558257?region=GB&locale=en,20.1,,,
60天新品,低消耗,1729881756518619999,S260727021585,Chic Curves,连体衣,连体裤,4,https://p16-she-va.ibyteimg.com/tos-alisg-i-f7lenjegsh-sg/6122544cc82749669b7c47ab682a2a20~tplv-g9dfdl17fc-origin-image.image,2026-08-01,,无样品共资,30,排名370,,https://shop.tiktok.com/view/product/1729881756518619999?region=GB&locale=en,13.7,,,
60天新品,低消耗,1729882441506462060,S260728020051,Fox Claw CURVE ONE,女士上装,女士衬衫,4,https://p16-she-va.ibyteimg.com/tos-alisg-i-f7lenjegsh-sg/65d722f1a65345efbae62ec21d63afdb~tplv-g9dfdl17fc-origin-image.image,2026-07-31,,无样品共资,33,排名371,,https://shop.tiktok.com/view/product/1729882441506462060?region=GB&locale=en,7.4,,,
60天新品,无消耗,1729876537588291686,S260718026543,JN Chic Budget Chic,女士针织衫,毛衣套头衫,,https://p16-she-va.ibyteimg.com/tos-alisg-i-f7lenjegsh-sg/52d7bc7856844961b1cd367cb7540069~tplv-g9dfdl17fc-origin-image.image,2026-07-19,,无样品共资,198,排名372,,https://shop.tiktok.com/view/product/1729876537588291686?region=GB&locale=en,16.6,,,
60天新品,无消耗,1729872719017842790,S260714015143,JN Chic Budget Chic,女士针织衫,毛衣连衣裙,,https://p16-she-va.ibyteimg.com/tos-alisg-i-f7lenjegsh-sg/9ed0ad10e3c04931959dcc505774d91e~tplv-g9dfdl17fc-origin-image.image,2026-07-14,,无样品共资,200,排名373,,https://shop.tiktok.com/view/product/1729872719017842790?region=GB&locale=en,18.8,,,
60天新品,低消耗,1729883222322878537,S260729009834,Easy Buy Relax,女士连衣裙,休闲连衣裙,4.2,https://p16-she-va.ibyteimg.com/tos-alisg-i-f7lenjegsh-sg/304180473bdf4e5195a5b124b183e889~tplv-g9dfdl17fc-origin-image.image,2026-08-01,,库存不满足,29,排名374,,https://shop.tiktok.com/view/product/1729883222322878537?region=GB&locale=en,15.1,,,
60天新品,无消耗,1729879115951806913,S260723001075,Giolshon Plus,女士上装,女士连帽卫衣,4.2,https://p16-she-va.ibyteimg.com/tos-alisg-i-f7lenjegsh-sg/5a0b929fdea9468b9bf1c4b68a5fb956~tplv-g9dfdl17fc-origin-image.image,2026-07-26,,库存不满足,23,排名375,,https://shop.tiktok.com/view/product/1729879115951806913?region=GB&locale=en,11.5,,,
60天新品,无消耗,1729841736922798804,S260604022058,YIMANSHA Closet,女士上装,女士衬衫,4.5,https://p16-she-va.ibyteimg.com/tos-alisg-i-f7lenjegsh-sg/87a617ecfec54907bf38ff297543e78d~tplv-g9dfdl17fc-origin-image.image,2026-06-08,,有样品额度,31,排名376,,https://shop.tiktok.com/view/product/1729841736922798804?region=GB&locale=en,13.5,,,
60天新品,低消耗,1729881453168597053,S260726003829,Modish Moo,牛仔,牛仔背带&连体裤,4.4,https://p16-she-va.ibyteimg.com/tos-alisg-i-f7lenjegsh-sg/3b5cd6f8a0104e5f83cc4ad4024167a1~tplv-g9dfdl17fc-origin-image.image,2026-07-27,,库存不满足,24,排名377,,https://shop.tiktok.com/view/product/1729881453168597053?region=GB&locale=en,16.2,,,
60天新品,无消耗,1729877152103831654,S260713036768,JN Chic Budget Chic,女士针织衫,毛衣套头衫,,https://p16-she-va.ibyteimg.com/tos-alisg-i-f7lenjegsh-sg/473ffc477c6e4e9daf6e3c9e1e770ca9~tplv-g9dfdl17fc-origin-image.image,2026-07-20,,无样品共资,200,排名378,,https://shop.tiktok.com/view/product/1729877152103831654?region=GB&locale=en,16.1,,,
60天新品,无消耗,1729880224220289609,S260724029552,MFN Women's clothing,女士上装,女士休闲夹克和外套,,https://p16-she-va.ibyteimg.com/tos-alisg-i-f7lenjegsh-sg/8d5aeb17c4f9491b822c2521ee78e0a6~tplv-g9dfdl17fc-origin-image.image,2026-07-31,,无样品共资,100,排名379,,https://shop.tiktok.com/view/product/1729880224220289609?region=GB&locale=en,22.5,,,
60天新品,无消耗,1729883178797537929,S260729022929,.Home sweet home,连体衣,紧身衣,4.5,https://p16-she-va.ibyteimg.com/tos-alisg-i-f7lenjegsh-sg/25a9b2fd3c794cec8282691519cbac91~tplv-g9dfdl17fc-origin-image.image,2026-07-29,,无样品共资,34,排名380,,https://shop.tiktok.com/view/product/1729883178797537929?region=GB&locale=en,12.9,,,
60天新品,无消耗,1729876026268817805,S260718008624,Rusttydustty Curve,女士连衣裙,休闲连衣裙,4.4,https://p16-she-va.ibyteimg.com/tos-alisg-i-f7lenjegsh-sg/dcd1f28711734c6b9afcf527ab19814f~tplv-g9dfdl17fc-origin-image.image,2026-08-02,,无样品共资,40,排名381,,https://shop.tiktok.com/view/product/1729876026268817805?region=GB&locale=en,13.7,,,
60天新品,无消耗,1729872028869957961,S260713029360,XL Sweat,女士针织衫,毛衣开衫,4.6,https://p16-she-va.ibyteimg.com/tos-alisg-i-f7lenjegsh-sg/3c87250bbd154bf69d5e4ffd8e1f665f~tplv-g9dfdl17fc-origin-image.image,2026-07-22,,无样品共资,121,排名382,,https://shop.tiktok.com/view/product/1729872028869957961?region=GB&locale=en,14.2,,,
60天新品,准备投入,1729880310572357793,S260724032554,Muse Plus,女士连衣裙,晚礼服,4.3,https://p16-she-va.ibyteimg.com/tos-alisg-i-f7lenjegsh-sg/55ee78054e2545aaaf5a64e740194bf8~tplv-g9dfdl17fc-origin-image.image,2026-07-24,,无样品共资,31,排名383,,https://shop.tiktok.com/view/product/1729880310572357793?region=GB&locale=en,8.0,,,
60天新品,高投入,1729879991282735447,S260723020459,FOXCLAW Curve,女士上装,女士衬衫,4.2,https://p16-she-va.ibyteimg.com/tos-alisg-i-f7lenjegsh-sg/e48a7efff8414fcdabcd4cd24805c092~tplv-g9dfdl17fc-origin-image.image,2026-07-26,,无样品共资,35,排名384,,https://shop.tiktok.com/view/product/1729879991282735447?region=GB&locale=en,9.3,,,
60天新品,无消耗,1729871148954721212,S260712003638,Denim Bloom,牛仔,牛仔外套,4.4,https://p16-she-va.ibyteimg.com/tos-alisg-i-f7lenjegsh-sg/8299560f31b3462e956051f63dc8e406~tplv-g9dfdl17fc-origin-image.image,2026-07-14,,有样品额度,24,排名385,,https://shop.tiktok.com/view/product/1729871148954721212?region=GB&locale=en,18.4,,,
60天新品,无消耗,1729883526309124582,S260729017579,Unique Denim Customs,牛仔,牛仔外套,4.5,https://p16-she-va.ibyteimg.com/tos-alisg-i-f7lenjegsh-sg/06723a69fdc74b79b0528adcc36610d3~tplv-g9dfdl17fc-origin-image.image,2026-08-02,,无样品共资,85,排名386,,https://shop.tiktok.com/view/product/1729883526309124582?region=GB&locale=en,19.8,,,
60天新品,准备投入,1729879607233845409,S260723034473,Muse Plus,女士上装,女士衬衫,4.3,https://p16-she-va.ibyteimg.com/tos-alisg-i-f7lenjegsh-sg/dde0f07432514d238800ae414403146a~tplv-g9dfdl17fc-origin-image.image,2026-07-23,,无样品共资,56,排名387,,https://shop.tiktok.com/view/product/1729879607233845409?region=GB&locale=en,12.3,,,
60天新品,无消耗,1729853771181758546,S260615003173,Ruichenfzc,女士上装,女士套头卫衣,,https://p16-she-va.ibyteimg.com/tos-alisg-i-f7lenjegsh-sg/997dc65ae56444bf89e96ae37c543ee4~tplv-g9dfdl17fc-origin-image.image,2026-07-02,,无样品共资,9000,排名388,,https://shop.tiktok.com/view/product/1729853771181758546?region=GB&locale=en,11.3,,,
60天新品,准备投入,1729879608683567265,S260723034452,Muse Plus,女士连衣裙,派对礼服,4.3,https://p16-she-va.ibyteimg.com/tos-alisg-i-f7lenjegsh-sg/2cbccb3268ea4f66aa56994c818ece22~tplv-g9dfdl17fc-origin-image.image,2026-07-23,,无样品共资,140,排名389,,https://shop.tiktok.com/view/product/1729879608683567265?region=GB&locale=en,15.3,,,
60天新品,无消耗,1729870321699231917,S260710037137,ZIZI Sweater,女士上装,女士 T 恤,4.4,https://p16-she-va.ibyteimg.com/tos-alisg-i-f7lenjegsh-sg/9caa8a8afe3f4d908aa2b9f1ef5490fb~tplv-g9dfdl17fc-origin-image.image,2026-08-01,,无样品共资,40,排名390,,https://shop.tiktok.com/view/product/1729870321699231917?region=GB&locale=en,10.7,,,
60天新品,无消耗,1729876120996255846,S260718019413,JN Chic Budget Chic,女士针织衫,毛衣套头衫,,https://p16-she-va.ibyteimg.com/tos-alisg-i-f7lenjegsh-sg/aa0842f501874c2a86e752c6b0ca413e~tplv-g9dfdl17fc-origin-image.image,2026-07-18,,无样品共资,199,排名391,,https://shop.tiktok.com/view/product/1729876120996255846?region=GB&locale=en,17.7,,,
60天新品,准备投入,1729852600612526321,S260612034006,Miss Zone,女士上装,女士衬衫,4.2,https://p16-she-va.ibyteimg.com/tos-alisg-i-f7lenjegsh-sg/b0a6b32c11da470ebb750c8707321187~tplv-g9dfdl17fc-origin-image.image,2026-06-12,,无样品共资,80,排名392,In Affiliate,https://shop.tiktok.com/view/product/1729852600612526321?region=GB&locale=en,15.5,,,
60天新品,准备投入,1729880161037949169,S260724025843,Miss Zone,女士上装,女士休闲夹克和外套,4.2,https://p16-she-va.ibyteimg.com/tos-alisg-i-f7lenjegsh-sg/c9152f7cb3ba46668f635b970770def7~tplv-g9dfdl17fc-origin-image.image,2026-07-24,,无样品共资,111,排名393,,https://shop.tiktok.com/view/product/1729880161037949169?region=GB&locale=en,13.0,,,
60天新品,准备投入,1729883862552975521,S260730027138,Muse Plus,女士上装,女士衬衫,4.3,https://p16-she-va.ibyteimg.com/tos-alisg-i-f7lenjegsh-sg/0c429d87cf894fb7811e58bad73ab5de~tplv-g9dfdl17fc-origin-image.image,2026-07-30,,无样品共资,491,排名394,,https://shop.tiktok.com/view/product/1729883862552975521?region=GB&locale=en,8.0,,,
60天新品,无消耗,1729877570134972518,S250731025945,JN Chic Budget Chic,女士针织衫,毛衣连衣裙,,https://p16-she-va.ibyteimg.com/tos-alisg-i-f7lenjegsh-sg/45ce847c6a06443fa0567f3b7bc31706~tplv-g9dfdl17fc-origin-image.image,2026-07-21,,无样品共资,797,排名395,,https://shop.tiktok.com/view/product/1729877570134972518?region=GB&locale=en,19.3,,,
60天新品,无消耗,1729882086338566793,S260725020258,.Home sweet home,女士上装,女士休闲夹克和外套,4.5,https://p16-she-va.ibyteimg.com/tos-alisg-i-f7lenjegsh-sg/747a50df8846416dbd49f98f2bd2b431~tplv-g9dfdl17fc-origin-image.image,2026-07-28,,无样品共资,92,排名396,,https://shop.tiktok.com/view/product/1729882086338566793?region=GB&locale=en,15.4,,,
60天新品,低消耗,1729872754852665405,S260714018658,Modish Moo,牛仔,牛仔长裤,4.4,https://p16-she-va.ibyteimg.com/tos-alisg-i-f7lenjegsh-sg/bf74d78005a24b00a57eadf0a15b9243~tplv-g9dfdl17fc-origin-image.image,2026-07-14,,库存不满足,24,排名397,,https://shop.tiktok.com/view/product/1729872754852665405?region=GB&locale=en,19.9,,,
60天新品,无消耗,1729879115848587713,S260723001000,Giolshon Plus,女士上装,女士棉服,4.2,https://p16-she-va.ibyteimg.com/tos-alisg-i-f7lenjegsh-sg/7366b3d5250848fcb90c5e44e69bb93e~tplv-g9dfdl17fc-origin-image.image,2026-07-26,,无样品共资,44,排名398,,https://shop.tiktok.com/view/product/1729879115848587713?region=GB&locale=en,26.2,,,
60天新品,无消耗,1729849252709308745,S260610022128,XL Sweat,女士套装及西服,长裤套装,4.6,https://p16-she-va.ibyteimg.com/tos-alisg-i-f7lenjegsh-sg/9edca96b4d144896813c555060aa92c6~tplv-g9dfdl17fc-origin-image.image,2026-06-19,,有样品额度,31,排名399,,https://shop.tiktok.com/view/product/1729849252709308745?region=GB&locale=en,21.5,,,
60天新品,无消耗,1729885015567407960,S260801013390,AYIMZ,女士上装,女士休闲夹克和外套,4.4,https://p16-she-va.ibyteimg.com/tos-alisg-i-f7lenjegsh-sg/f9b9e9878a2142ab9cc917b7f75bd31d~tplv-g9dfdl17fc-origin-image.image,2026-08-01,,无样品共资,1500,排名400,,https://shop.tiktok.com/view/product/1729885015567407960?region=GB&locale=en,11.2,,,
60天新品,高投入,1729879806137899351,S260723027109,FOXCLAW Curve,连体衣,背带裤,4.2,https://p16-she-va.ibyteimg.com/tos-alisg-i-f7lenjegsh-sg/81b3f8a915524e9db50516b7e45a5bce~tplv-g9dfdl17fc-origin-image.image,2026-07-28,,库存不满足,24,排名401,,https://shop.tiktok.com/view/product/1729879806137899351?region=GB&locale=en,10.4,,,
60天新品,准备投入,1729881697819465969,S260727013368,Miss Zone,女士下装,长裤,4.2,https://p16-she-va.ibyteimg.com/tos-alisg-i-f7lenjegsh-sg/76556ad98db8493699e0b53b911b7d01~tplv-g9dfdl17fc-origin-image.image,2026-07-27,,无样品共资,204,排名402,,https://shop.tiktok.com/view/product/1729881697819465969?region=GB&locale=en,16.5,,,
60天新品,低消耗,1729883290223089725,S260729029018,Modish Moo,牛仔,牛仔长裤,4.4,https://p16-she-va.ibyteimg.com/tos-alisg-i-f7lenjegsh-sg/79e4c688f65247f29f3e320f874a84f4~tplv-g9dfdl17fc-origin-image.image,2026-07-29,,无样品共资,50,排名403,,https://shop.tiktok.com/view/product/1729883290223089725?region=GB&locale=en,15.0,,,
60天新品,低消耗,1729871172812118089,S260524006114,Easy Buy Relax,连体衣,连体裤,4.2,https://p16-she-va.ibyteimg.com/tos-alisg-i-f7lenjegsh-sg/d5bc147a230d4a05a11d2bf09034089c~tplv-g9dfdl17fc-origin-image.image,2026-07-26,,无样品共资,39,排名404,,https://shop.tiktok.com/view/product/1729871172812118089?region=GB&locale=en,14.5,,,
60天新品,无消耗,1729847127313193444,S260609012288,CITY CHIC LAB,女士上装,女士休闲夹克和外套,4.2,https://p16-she-va.ibyteimg.com/tos-alisg-i-f7lenjegsh-sg/e1da52b2c82b4e9c8e8bace3420a68e1~tplv-g9dfdl17fc-origin-image.image,2026-07-01,,无样品共资,48,排名405,,https://shop.tiktok.com/view/product/1729847127313193444?region=GB&locale=en,12.4,,,
60天新品,无消耗,1729878796719855945,S260721017690,XL Sweat,女士针织衫,毛衣开衫,4.6,https://p16-she-va.ibyteimg.com/tos-alisg-i-f7lenjegsh-sg/ba9e5b3d61744353a3b059b638917080~tplv-g9dfdl17fc-origin-image.image,2026-07-23,,有样品额度,118,排名406,,https://shop.tiktok.com/view/product/1729878796719855945?region=GB&locale=en,13.3,,,
60天新品,无消耗,1729879543629518973,S260723032507,SS VARAH,女士针织衫,毛衣开衫,,https://p16-she-va.ibyteimg.com/tos-alisg-i-f7lenjegsh-sg/092196021e324f4586bab6576e2db6d8~tplv-g9dfdl17fc-origin-image.image,2026-07-23,,无样品共资,4025,排名407,,https://shop.tiktok.com/view/product/1729879543629518973?region=GB&locale=en,15.7,,,
60天新品,低消耗,1729879470098520284,S260723021923,ZOHRA,女士上装,女士连帽卫衣,4.5,https://p16-she-va.ibyteimg.com/tos-alisg-i-f7lenjegsh-sg/0e3a51912d9b40ca9550aafd3b4c42db~tplv-g9dfdl17fc-origin-image.image,2026-07-23,,有样品额度,1077,排名408,,https://shop.tiktok.com/view/product/1729879470098520284?region=GB&locale=en,6.4,,,
60天新品,准备投入,1729883238878779553,S260729019520,Muse Plus,女士下装,半身裙,4.3,https://p16-she-va.ibyteimg.com/tos-alisg-i-f7lenjegsh-sg/7d67af51d086495880fcac0a39c726d2~tplv-g9dfdl17fc-origin-image.image,2026-07-29,,无样品共资,935,排名409,,https://shop.tiktok.com/view/product/1729883238878779553?region=GB&locale=en,12.8,,,
60天新品,高投入,1729884573759543639,S260731019005,FOXCLAW Curve,女士上装,女士 T 恤,4.2,https://p16-she-va.ibyteimg.com/tos-alisg-i-f7lenjegsh-sg/3744c29f1caf4051b19fc274904b2740~tplv-g9dfdl17fc-origin-image.image,2026-08-02,,无样品共资,30,排名410,,https://shop.tiktok.com/view/product/1729884573759543639?region=GB&locale=en,9.0,,,
60天新品,准备投入,1729883257523837169,S260729028681,Miss Zone,女士下装,半身裙,4.2,https://p16-she-va.ibyteimg.com/tos-alisg-i-f7lenjegsh-sg/438c308567d847daafef0add82af1c9c~tplv-g9dfdl17fc-origin-image.image,2026-07-29,,无样品共资,67,排名411,,https://shop.tiktok.com/view/product/1729883257523837169?region=GB&locale=en,9.8,,,
60天新品,无消耗,1729881287181047933,S260726019980,SS VARAH,女士针织衫,毛衣开衫,,https://p16-she-va.ibyteimg.com/tos-alisg-i-f7lenjegsh-sg/050e0372c1504831b81dcad8d5b4eb38~tplv-g9dfdl17fc-origin-image.image,2026-07-26,,无样品共资,3499,排名412,,https://shop.tiktok.com/view/product/1729881287181047933?region=GB&locale=en,12.8,,,
60天新品,低消耗,1729878381186488684,S260720012109,Fox Claw CURVE ONE,女士上装,女士衬衫,4,https://p16-she-va.ibyteimg.com/tos-alisg-i-f7lenjegsh-sg/906997a3725840df9e9f0e1b22847f20~tplv-g9dfdl17fc-origin-image.image,2026-07-24,,无样品共资,33,排名413,,https://shop.tiktok.com/view/product/1729878381186488684?region=GB&locale=en,7.6,,,
60天新品,无消耗,1729868066778814873,S260707027718,Bargain Chic,女士上装,女士休闲夹克和外套,4.4,https://p16-she-va.ibyteimg.com/tos-alisg-i-f7lenjegsh-sg/dfaec21dbb88449ab7e25c62014afb83~tplv-g9dfdl17fc-origin-image.image,2026-07-08,,无样品共资,1977,排名414,,https://shop.tiktok.com/view/product/1729868066778814873?region=GB&locale=en,10.2,,,
60天新品,低消耗,1729871171392542940,S260710018678,ZOHRA,女士下装,紧身裤,4.5,https://p16-she-va.ibyteimg.com/tos-alisg-i-f7lenjegsh-sg/10e3552ea732424ea4a8ccb47d9184c2~tplv-g9dfdl17fc-origin-image.image,2026-07-12,,库存不满足,0,排名415,,https://shop.tiktok.com/view/product/1729871171392542940?region=GB&locale=en,9.4,,,
60天新品,低消耗,1729866584186984509,S260704024298,Modish Moo,牛仔,牛仔连衣裙,4.4,https://p16-she-va.ibyteimg.com/tos-alisg-i-f7lenjegsh-sg/66d79d427a864cdf9f0e4590724d2833~tplv-g9dfdl17fc-origin-image.image,2026-07-04,,无样品共资,47,排名416,,https://shop.tiktok.com/view/product/1729866584186984509?region=GB&locale=en,23.6,,,
60天新品,无消耗,1729872807345363046,S260714024852,JN Chic Budget Chic,女士针织衫,毛衣套头衫,,https://p16-she-va.ibyteimg.com/tos-alisg-i-f7lenjegsh-sg/07b5c8e85292444da72c0e67e1dd21b6~tplv-g9dfdl17fc-origin-image.image,2026-07-14,,无样品共资,200,排名417,,https://shop.tiktok.com/view/product/1729872807345363046?region=GB&locale=en,16.1,,,
60天新品,无消耗,1729872743859722342,S260714017437,JN Chic Budget Chic,女士针织衫,毛衣套头衫,,https://p16-she-va.ibyteimg.com/tos-alisg-i-f7lenjegsh-sg/293ab4f218ce446b9f134095df9e9fb6~tplv-g9dfdl17fc-origin-image.image,2026-07-14,,无样品共资,200,排名418,,https://shop.tiktok.com/view/product/1729872743859722342?region=GB&locale=en,17.1,,,
60天新品,高投入,1729881451852175703,S260726012996,FOXCLAW Curve,女士上装,女士衬衫,4.2,https://p16-she-va.ibyteimg.com/tos-alisg-i-f7lenjegsh-sg/93a8673997ac46e0835b68445d03bb6b~tplv-g9dfdl17fc-origin-image.image,2026-08-01,,库存不满足,25,排名419,,https://shop.tiktok.com/view/product/1729881451852175703?region=GB&locale=en,9.3,,,
60天新品,低消耗,1729866530330351980,S260703016817,Fox Claw CURVE ONE,女士上装,女士衬衫,4,https://p16-she-va.ibyteimg.com/tos-alisg-i-f7lenjegsh-sg/0b9bc92c173d4269ac23df2df84d6b36~tplv-g9dfdl17fc-origin-image.image,2026-07-08,,无样品共资,44,排名420,,https://shop.tiktok.com/view/product/1729866530330351980?region=GB&locale=en,8.6,,,
60天新品,无消耗,1729880334350850633,S260724030472,MFN Women's clothing,女士上装,女士休闲夹克和外套,,https://p16-she-va.ibyteimg.com/tos-alisg-i-f7lenjegsh-sg/20b7d71443ba4ddd8d26004bfaf56e66~tplv-g9dfdl17fc-origin-image.image,2026-07-31,,无样品共资,100,排名421,,https://shop.tiktok.com/view/product/1729880334350850633?region=GB&locale=en,18.4,,,
60天新品,无消耗,1729875456027891750,S260717014315,Boost Fashion,女士上装,女士轻型夹克,4.4,https://p16-she-va.ibyteimg.com/tos-alisg-i-f7lenjegsh-sg/934b5f3f179142b7a99c72505f851d80~tplv-g9dfdl17fc-origin-image.image,2026-07-25,,无样品共资,25,排名422,,https://shop.tiktok.com/view/product/1729875456027891750?region=GB&locale=en,17.9,,,
60天新品,低消耗,1729881453582391660,S260726004033,Fox Claw CURVE ONE,女士上装,女士衬衫,4,https://p16-she-va.ibyteimg.com/tos-alisg-i-f7lenjegsh-sg/28f97cf4193245768c1add167994ef79~tplv-g9dfdl17fc-origin-image.image,2026-07-30,,无样品共资,35,排名423,,https://shop.tiktok.com/view/product/1729881453582391660?region=GB&locale=en,9.4,,,
60天新品,无消耗,1729858719899293993,S260616013639,Kitten Knit,女士针织衫,毛衣套头衫,,https://p16-she-va.ibyteimg.com/tos-alisg-i-f7lenjegsh-sg/d86051a0f2104fb29dff463fba64f939~tplv-g9dfdl17fc-origin-image.image,2026-06-27,,无样品共资,30,排名424,,https://shop.tiktok.com/view/product/1729858719899293993?region=GB&locale=en,13.9,,,
60天新品,低消耗,1729883527939004780,S260729004638,Fox Claw CURVE ONE,女士下装,长裤,4,https://p16-she-va.ibyteimg.com/tos-alisg-i-f7lenjegsh-sg/b93763502fd04756be0634fadb30e19e~tplv-g9dfdl17fc-origin-image.image,2026-08-01,,库存不满足,28,排名425,,https://shop.tiktok.com/view/product/1729883527939004780?region=GB&locale=en,7.8,,,
60天新品,无消耗,1729868468158896167,S260708008606,Finjani BoldCurve,女士针织衫,毛衣套头衫,4,https://p16-she-va.ibyteimg.com/tos-alisg-i-f7lenjegsh-sg/026b52fe8dcc47c4857698fb36902bdc~tplv-g9dfdl17fc-origin-image.image,2026-07-08,,库存不满足,158,排名426,,https://shop.tiktok.com/view/product/1729868468158896167?region=GB&locale=en,11.5,,,
60天新品,无消耗,1729846830040783095,S260609006481,Music eyes,女士针织衫,毛衣开衫,4.5,https://p16-she-va.ibyteimg.com/tos-alisg-i-f7lenjegsh-sg/8bc91e4eaf8f48ad8af74726f9cbe729~tplv-g9dfdl17fc-origin-image.image,2026-06-09,,无样品共资,400,排名427,,https://shop.tiktok.com/view/product/1729846830040783095?region=GB&locale=en,23.9,,,
60天新品,无消耗,1729877280816470606,S260720037553,bboyAlun,女士上装,女士连帽卫衣,4.3,https://p16-she-va.ibyteimg.com/tos-alisg-i-f7lenjegsh-sg/03dcaaf0c2b1495ea1537280bde6e608~tplv-g9dfdl17fc-origin-image.image,2026-07-20,,有样品额度,746,排名428,,https://shop.tiktok.com/view/product/1729877280816470606?region=GB&locale=en,16.2,,,
60天新品,准备投入,1729869489268365473,S260709034456,Muse Plus,女士上装,女士休闲夹克和外套,4.3,https://p16-she-va.ibyteimg.com/tos-alisg-i-f7lenjegsh-sg/28f4ab7c6c234e21aec28f983cc150b8~tplv-g9dfdl17fc-origin-image.image,2026-07-09,,无样品共资,54,排名429,,https://shop.tiktok.com/view/product/1729869489268365473?region=GB&locale=en,11.5,,,
60天新品,无消耗,1729881559413987777,S260724022421,Giolshon Plus,女士上装,女士人造皮草夹克,4.2,https://p16-she-va.ibyteimg.com/tos-alisg-i-f7lenjegsh-sg/6cbe7b6a427e44038c6ba30d64ba1ad6~tplv-g9dfdl17fc-origin-image.image,2026-07-29,,无样品共资,65,排名430,,https://shop.tiktok.com/view/product/1729881559413987777?region=GB&locale=en,34.3,,,
60天新品,无消耗,1729872833972443238,S260714027655,JN Chic Budget Chic,女士针织衫,毛衣套头衫,,https://p16-she-va.ibyteimg.com/tos-alisg-i-f7lenjegsh-sg/81745e59e44141c19d3f1a86ff1b35eb~tplv-g9dfdl17fc-origin-image.image,2026-07-15,,无样品共资,200,排名431,,https://shop.tiktok.com/view/product/1729872833972443238?region=GB&locale=en,16.4,,,
60天新品,无消耗,1729882086291380873,S260725019110,.Home sweet home,女士套装及西服,女士西装外套,4.5,https://p16-she-va.ibyteimg.com/tos-alisg-i-f7lenjegsh-sg/2a0cbb287a934fbfa6d2c4c168cc5404~tplv-g9dfdl17fc-origin-image.image,2026-07-28,,无样品共资,85,排名432,,https://shop.tiktok.com/view/product/1729882086291380873?region=GB&locale=en,14.3,,,
60天新品,无消耗,1729870761156254650,S260711023636,"Guangzhou Paika Fushi Co., Ltd.",女士上装,女士连帽卫衣,,https://p16-she-va.ibyteimg.com/tos-alisg-i-f7lenjegsh-sg/157168bdff874f158964bbea96f50326~tplv-g9dfdl17fc-origin-image.image,2026-08-02,,无样品共资,25,排名433,,https://shop.tiktok.com/view/product/1729870761156254650?region=GB&locale=en,12.2,,,
60天新品,低消耗,1729884945018820669,S260801009640,Modish Moo,牛仔,牛仔外套,4.4,https://p16-she-va.ibyteimg.com/tos-alisg-i-f7lenjegsh-sg/dc257a54856947fd891cb7c407245f39~tplv-g9dfdl17fc-origin-image.image,2026-08-01,,无样品共资,30,排名434,,https://shop.tiktok.com/view/product/1729884945018820669?region=GB&locale=en,15.5,,,
60天新品,无消耗,1729881456446511229,S260723032401,SS VARAH,女士针织衫,毛衣开衫,,https://p16-she-va.ibyteimg.com/tos-alisg-i-f7lenjegsh-sg/2a3754522116437882b748def57f6258~tplv-g9dfdl17fc-origin-image.image,2026-07-27,,无样品共资,3498,排名435,,https://shop.tiktok.com/view/product/1729881456446511229?region=GB&locale=en,12.9,,,
60天新品,高投入,1729875287160625495,S260717005475,FOXCLAW Curve,女士上装,女士衬衫,4.2,https://p16-she-va.ibyteimg.com/tos-alisg-i-f7lenjegsh-sg/ef0dee38f2f84f3a91a4a1f9cb97e379~tplv-g9dfdl17fc-origin-image.image,2026-07-21,,库存不满足,23,排名436,,https://shop.tiktok.com/view/product/1729875287160625495?region=GB&locale=en,7.0,,,
60天新品,低消耗,1729853045643385052,S260613018091,ZOHRA,女士下装,长裤,4.5,https://p16-she-va.ibyteimg.com/tos-alisg-i-f7lenjegsh-sg/181e1d05cfdc4c98ba645855b1f5f67e~tplv-g9dfdl17fc-origin-image.image,2026-06-13,,有样品额度,1270,排名437,In Affiliate,https://shop.tiktok.com/view/product/1729853045643385052?region=GB&locale=en,21.9,,,
60天新品,无消耗,1729871273291520956,S260712009003,Denim Bloom,牛仔,牛仔外套,4.4,https://p16-she-va.ibyteimg.com/tos-alisg-i-f7lenjegsh-sg/bf7d8b22f8ab4b4982111e8ea7abb256~tplv-g9dfdl17fc-origin-image.image,2026-07-16,,库存不满足,22,排名438,,https://shop.tiktok.com/view/product/1729871273291520956?region=GB&locale=en,15.4,,,
60天新品,高投入,1729877634698025303,S260720027895,FOXCLAW Curve,女士上装,女士衬衫,4.2,https://p16-she-va.ibyteimg.com/tos-alisg-i-f7lenjegsh-sg/1c2b3887bc3847af9d46d32bf71355f5~tplv-g9dfdl17fc-origin-image.image,2026-07-24,,库存不满足,21,排名439,,https://shop.tiktok.com/view/product/1729877634698025303?region=GB&locale=en,9.4,,,
60天新品,无消耗,1729840392437733709,S260603005117,Affordable Charm,女士上装,女士马甲,4.4,https://p16-she-va.ibyteimg.com/tos-alisg-i-f7lenjegsh-sg/96f6a990628d4b1289b64cd719c2864a~tplv-g9dfdl17fc-origin-image.image,2026-06-10,,无样品共资,141,排名440,In Affiliate,https://shop.tiktok.com/view/product/1729840392437733709?region=GB&locale=en,15.0,,,
60天新品,低消耗,1729848969133660887,S260610004106,Coveira Mode,女士上装,女士衬衫,4.2,https://p16-she-va.ibyteimg.com/tos-alisg-i-f7lenjegsh-sg/5ec46fe251394792a21bad620b671a8f~tplv-g9dfdl17fc-origin-image.image,2026-06-11,,无样品共资,150,排名441,,https://shop.tiktok.com/view/product/1729848969133660887?region=GB&locale=en,13.5,,,
60天新品,低消耗,1729878664032458972,S260722021218,ZOHRA,女士下装,长裤,4.5,https://p16-she-va.ibyteimg.com/tos-alisg-i-f7lenjegsh-sg/5df29216f6b34ca2846b98d750f8e5e4~tplv-g9dfdl17fc-origin-image.image,2026-07-22,,有样品额度,332,排名442,,https://shop.tiktok.com/view/product/1729878664032458972?region=GB&locale=en,17.4,,,
60天新品,低消耗,1729848969133660887,S260610004106,Coveira Mode,女士上装,女士衬衫,4.2,https://p16-she-va.ibyteimg.com/tos-alisg-i-f7lenjegsh-sg/5ec46fe251394792a21bad620b671a8f~tplv-g9dfdl17fc-origin-image.image,2026-06-11,,无样品共资,150,排名441,,https://shop.tiktok.com/view/product/1729848969133660887?region=GB&locale=en,13.5,,,
60天新品,准备投入,1729852573181778161,S260612032361,Miss Zone,女士上装,女士衬衫,4.2,https://p16-she-va.ibyteimg.com/tos-alisg-i-f7lenjegsh-sg/9df57e39d9ab478d9b2ae066778a7e5a~tplv-g9dfdl17fc-origin-image.image,2026-06-12,,库存不满足,28,排名443,In Affiliate,https://shop.tiktok.com/view/product/1729852573181778161?region=GB&locale=en,17.9,,,
60天新品,高投入,1729872738081085783,S260714016120,FOXCLAW Curve,女士上装,女士休闲夹克和外套,4.2,https://p16-she-va.ibyteimg.com/tos-alisg-i-f7lenjegsh-sg/658b0722f1e8473cb72c9be96de9f110~tplv-g9dfdl17fc-origin-image.image,2026-07-27,,无样品共资,35,排名444,,https://shop.tiktok.com/view/product/1729872738081085783?region=GB&locale=en,14.4,,,
60天新品,无消耗,1729853043824236873,S260613019500,XL Sweat,女士针织衫,毛衣开衫,4.6,https://p16-she-va.ibyteimg.com/tos-alisg-i-f7lenjegsh-sg/4f31948ebeb547a5a75ccfbed47a1afb~tplv-g9dfdl17fc-origin-image.image,2026-06-20,内容场占比低,库存不满足,21,排名277,,https://shop.tiktok.com/view/product/1729853043824236873?region=GB&locale=en,15.3,,,
60天新品,无消耗,1729876521055131750,S260718022028,JN Chic Budget Chic,女士针织衫,毛衣连衣裙,,https://p16-she-va.ibyteimg.com/tos-alisg-i-f7lenjegsh-sg/f4a25bedab0c479b95ba7478bc26ba52~tplv-g9dfdl17fc-origin-image.image,2026-07-19,,无样品共资,199,排名445,,https://shop.tiktok.com/view/product/1729876521055131750?region=GB&locale=en,18.6,,,
60天新品,无消耗,1729878068029266245,S260721038429,Vine Bloom,女士针织衫,毛衣开衫,,https://p16-she-va.ibyteimg.com/tos-alisg-i-f7lenjegsh-sg/6d615915b345431294b400ab6f564518~tplv-g9dfdl17fc-origin-image.image,2026-07-29,,无样品共资,226,排名446,,https://shop.tiktok.com/view/product/1729878068029266245?region=GB&locale=en,11.5,,,
60天新品,无消耗,1729881453065312429,S260726004893,ZIZI Sweater,女士针织衫,毛衣开衫,4.4,https://p16-she-va.ibyteimg.com/tos-alisg-i-f7lenjegsh-sg/e30b7ee04d744282af05cf29eae180fc~tplv-g9dfdl17fc-origin-image.image,2026-07-31,,库存不满足,23,排名447,,https://shop.tiktok.com/view/product/1729881453065312429?region=GB&locale=en,17.4,,,
60天新品,无消耗,1729876662323615917,S260719021563,ZIZI Sweater,女士针织衫,毛衣套头衫,4.4,https://p16-she-va.ibyteimg.com/tos-alisg-i-f7lenjegsh-sg/4213b5f83b334980a697535a17031e6c~tplv-g9dfdl17fc-origin-image.image,2026-08-01,,无样品共资,99,排名448,,https://shop.tiktok.com/view/product/1729876662323615917?region=GB&locale=en,13.7,,,
60天新品,无消耗,1729865851633703321,S260703006667,Bargain Chic,女士上装,女士休闲夹克和外套,4.4,https://p16-she-va.ibyteimg.com/tos-alisg-i-f7lenjegsh-sg/c48bf779d6be47a69f84b815862c0b15~tplv-g9dfdl17fc-origin-image.image,2026-07-03,,无样品共资,2749,排名449,,https://shop.tiktok.com/view/product/1729865851633703321?region=GB&locale=en,15.3,,,
60天新品,无消耗,1729871112315246889,S260712001801,Kitten Knit,女士针织衫,毛衣套头衫,,https://p16-she-va.ibyteimg.com/tos-alisg-i-f7lenjegsh-sg/0a971f08de994624a0fdbb9535240ba8~tplv-g9dfdl17fc-origin-image.image,2026-07-12,,无样品共资,30,排名450,,https://shop.tiktok.com/view/product/1729871112315246889?region=GB&locale=en,14.6,,,
60天新品,无消耗,1729868689702820331,S260708027940,Finjani Plus,女士针织衫,毛衣开衫,4.6,https://p16-she-va.ibyteimg.com/tos-alisg-i-f7lenjegsh-sg/d23f7c208dcc44efb80c28d25367d0b5~tplv-g9dfdl17fc-origin-image.image,2026-07-08,,无样品共资,357,排名451,,https://shop.tiktok.com/view/product/1729868689702820331?region=GB&locale=en,14.0,,,
60天新品,准备投入,1729883853495900321,S260730025197,Muse Plus,女士上装,女士衬衫,4.3,https://p16-she-va.ibyteimg.com/tos-alisg-i-f7lenjegsh-sg/4c879268daae4f038204e368fbb73a0e~tplv-g9dfdl17fc-origin-image.image,2026-07-30,,无样品共资,114,排名452,,https://shop.tiktok.com/view/product/1729883853495900321?region=GB&locale=en,10.7,,,
60天新品,无消耗,1729873815974484070,S260715021988,JN Chic Budget Chic,女士针织衫,毛衣套头衫,,https://p16-she-va.ibyteimg.com/tos-alisg-i-f7lenjegsh-sg/c74083822917463ab512693160a5bf93~tplv-g9dfdl17fc-origin-image.image,2026-07-16,,无样品共资,200,排名453,,https://shop.tiktok.com/view/product/1729873815974484070?region=GB&locale=en,16.4,,,
60天新品,无消耗,1729883607606860267,S260730004805,Finjani Plus,女士针织衫,毛衣开衫,4.6,https://p16-she-va.ibyteimg.com/tos-alisg-i-f7lenjegsh-sg/a1262747ce9c44a4b279b3d3db529d4c~tplv-g9dfdl17fc-origin-image.image,2026-07-30,,无样品共资,183,排名454,,https://shop.tiktok.com/view/product/1729883607606860267?region=GB&locale=en,13.9,,,
60天新品,无消耗,1729866935890582458,S260705017673,"Guangzhou Paika Fushi Co., Ltd.",女士上装,女士连帽卫衣,,https://p16-she-va.ibyteimg.com/tos-alisg-i-f7lenjegsh-sg/29f141d132c144e7af6da747f369fd57~tplv-g9dfdl17fc-origin-image.image,2026-07-10,,无样品共资,23,排名455,,https://shop.tiktok.com/view/product/1729866935890582458?region=GB&locale=en,9.0,,,
60天新品,无消耗,1729859514768922925,S260623012917,Classic & Elegant,女士连衣裙,休闲连衣裙,4.5,https://p16-she-va.ibyteimg.com/tos-alisg-i-f7lenjegsh-sg/daf54e0c79dc4562a2c84f0dfaa3d49e~tplv-g9dfdl17fc-origin-image.image,2026-06-24,,无样品共资,244,排名456,,https://shop.tiktok.com/view/product/1729859514768922925?region=GB&locale=en,12.3,,,
60天新品,高投入,1729862245460318551,S260628000071,FOXCLAW Curve,女士上装,女士连帽卫衣,4.2,https://p16-she-va.ibyteimg.com/tos-alisg-i-f7lenjegsh-sg/e84853adac904b85a3247c4763681acd~tplv-g9dfdl17fc-origin-image.image,2026-06-30,,无样品共资,438,排名457,,https://shop.tiktok.com/view/product/1729862245460318551?region=GB&locale=en,10.9,,,
60天新品,低消耗,1729863844236138716,S260630018598,ZOHRA,女士下装,紧身裤,4.5,https://p16-she-va.ibyteimg.com/tos-alisg-i-f7lenjegsh-sg/c3af0575635d465db65048bde986b25c~tplv-g9dfdl17fc-origin-image.image,2026-06-30,,有样品额度,2863,排名458,,https://shop.tiktok.com/view/product/1729863844236138716?region=GB&locale=en,18.4,,,
60天新品,无消耗,1729877150314567782,S260717018288,JN Chic Budget Chic,女士针织衫,毛织长裤套装,,https://p16-she-va.ibyteimg.com/tos-alisg-i-f7lenjegsh-sg/cfc21e2d044c4a8f84a882a5aeed9404~tplv-g9dfdl17fc-origin-image.image,2026-07-20,,无样品共资,1600,排名459,,https://shop.tiktok.com/view/product/1729877150314567782?region=GB&locale=en,20.1,,,
60天新品,无消耗,1729872179643652105,S260713037813,Kangkang Apparel,女士针织衫,毛衣套头衫,,https://p16-she-va.ibyteimg.com/tos-alisg-i-f7lenjegsh-sg/8f605b90995d4598ade166021e9668b7~tplv-g9dfdl17fc-origin-image.image,2026-07-25,,无样品共资,54,排名460,,https://shop.tiktok.com/view/product/1729872179643652105?region=GB&locale=en,15.4,,,
60天新品,高投入,1729879515973785943,S260723029938,FOXCLAW Curve,女士下装,长裤,4.2,https://p16-she-va.ibyteimg.com/tos-alisg-i-f7lenjegsh-sg/9766fcb80af24308aac9a793b4784016~tplv-g9dfdl17fc-origin-image.image,2026-07-26,,无样品共资,35,排名461,,https://shop.tiktok.com/view/product/1729879515973785943?region=GB&locale=en,9.8,,,
60天新品,无消耗,1729880927104243814,S260725027789,JN Chic Budget Chic,女士针织衫,毛衣套头衫,,https://p16-she-va.ibyteimg.com/tos-alisg-i-f7lenjegsh-sg/0140250bf0964a24b010af21694270c1~tplv-g9dfdl17fc-origin-image.image,2026-07-25,,无样品共资,200,排名462,,https://shop.tiktok.com/view/product/1729880927104243814?region=GB&locale=en,17.3,,,
60天新品,低消耗,1729849101981490032,S260610004109,Soh Soh,女士上装,女士衬衫,4,https://p16-she-va.ibyteimg.com/tos-alisg-i-f7lenjegsh-sg/003443dd79d5406f8387fc125f975c98~tplv-g9dfdl17fc-origin-image.image,2026-06-10,,无样品共资,150,排名463,,https://shop.tiktok.com/view/product/1729849101981490032?region=GB&locale=en,13.5,,,
60天新品,无消耗,1729882568847235174,S260728034911,JN Chic Budget Chic,女士针织衫,毛衣开衫,,https://p16-she-va.ibyteimg.com/tos-alisg-i-f7lenjegsh-sg/7f5d5afe951d49b389424c506304d6bc~tplv-g9dfdl17fc-origin-image.image,2026-07-28,,无样品共资,200,排名464,,https://shop.tiktok.com/view/product/1729882568847235174?region=GB&locale=en,16.9,,,
60天新品,无消耗,1729868122668177817,S260707033292,Bargain Chic,女士上装,女士休闲夹克和外套,4.4,https://p16-she-va.ibyteimg.com/tos-alisg-i-f7lenjegsh-sg/8cb04041ee244c6d88af11070ec743a2~tplv-g9dfdl17fc-origin-image.image,2026-07-07,,无样品共资,104,排名465,,https://shop.tiktok.com/view/product/1729868122668177817?region=GB&locale=en,17.4,,,
60天新品,无消耗,1729881449514113197,S260726004021,ZIZI Sweater,女士针织衫,毛衣开衫,4.4,https://p16-she-va.ibyteimg.com/tos-alisg-i-f7lenjegsh-sg/1f67809f082748dcbdc5c8708fe5f280~tplv-g9dfdl17fc-origin-image.image,2026-07-29,,无样品共资,142,排名466,,https://shop.tiktok.com/view/product/1729881449514113197?region=GB&locale=en,13.3,,,
60天新品,低消耗,1729861504975476809,S260626030283,Easy Buy Relax,女士连衣裙,休闲连衣裙,4.2,https://p16-she-va.ibyteimg.com/tos-alisg-i-f7lenjegsh-sg/abb8f5a1a56d4c8ca071231563c6b8a8~tplv-g9dfdl17fc-origin-image.image,2026-07-06,,无样品共资,40,排名467,,https://shop.tiktok.com/view/product/1729861504975476809?region=GB&locale=en,18.3,,,
60天新品,高投入,1729881154069305687,S260726009473,FOXCLAW Curve,女士下装,长裤,4.2,https://p16-she-va.ibyteimg.com/tos-alisg-i-f7lenjegsh-sg/b9f303b03e4441658f7736ff32550c31~tplv-g9dfdl17fc-origin-image.image,2026-07-30,,库存不满足,25,排名468,,https://shop.tiktok.com/view/product/1729881154069305687?region=GB&locale=en,9.5,,,
60天新品,准备投入,1729881699203651745,S260727013731,Muse Plus,女士下装,长裤,4.3,https://p16-she-va.ibyteimg.com/tos-alisg-i-f7lenjegsh-sg/0893a006c2fd4cc5b1c8d9a630590250~tplv-g9dfdl17fc-origin-image.image,2026-07-27,,无样品共资,204,排名469,,https://shop.tiktok.com/view/product/1729881699203651745?region=GB&locale=en,13.4,,,
60天新品,无消耗,1729850311342266859,S260605012671,Finjani Plus,女士套装及西服,长裤套装,4.6,https://p16-she-va.ibyteimg.com/tos-alisg-i-f7lenjegsh-sg/17104dccc23b4298a2bc131b4416e5b7~tplv-g9dfdl17fc-origin-image.image,2026-06-11,,无样品共资,272,排名470,In Affiliate,https://shop.tiktok.com/view/product/1729850311342266859?region=GB&locale=en,18.8,,,
60天新品,无消耗,1729880775261919357,S260725015517,SS VARAH,女士针织衫,毛衣开衫,,https://p16-she-va.ibyteimg.com/tos-alisg-i-f7lenjegsh-sg/444ecbd0a31c4be0976647720abc3407~tplv-g9dfdl17fc-origin-image.image,2026-07-25,,无样品共资,12500,排名471,,https://shop.tiktok.com/view/product/1729880775261919357?region=GB&locale=en,12.9,,,
60天新品,无消耗,1729878798017141065,S260720039300,XL Sweat,女士针织衫,毛衣马甲,4.6,https://p16-she-va.ibyteimg.com/tos-alisg-i-f7lenjegsh-sg/6448660bc8034a5d94c3f01d853ed081~tplv-g9dfdl17fc-origin-image.image,2026-07-26,,有样品额度,56,排名472,,https://shop.tiktok.com/view/product/1729878798017141065?region=GB&locale=en,9.8,,,
60天新品,低消耗,1729865734435412188,S260625010452,ZOHRA,女士下装,紧身裤,4.5,https://p16-she-va.ibyteimg.com/tos-alisg-i-f7lenjegsh-sg/333975f885bd41f4b04fc1c49126227b~tplv-g9dfdl17fc-origin-image.image,2026-07-03,,有样品额度,1788,排名473,,https://shop.tiktok.com/view/product/1729865734435412188?region=GB&locale=en,9.1,,,
60天新品,无消耗,1729870574935251435,S260711008024,Finjani Plus,女士上装,女士休闲夹克和外套,4.6,https://p16-she-va.ibyteimg.com/tos-alisg-i-f7lenjegsh-sg/efdfe5f741914dd5baba25a60a0b9992~tplv-g9dfdl17fc-origin-image.image,2026-07-11,,无样品共资,66,排名474,,https://shop.tiktok.com/view/product/1729870574935251435?region=GB&locale=en,22.1,,,
60天新品,准备投入,1729885091978254577,S260801023382,Miss Zone,女士上装,女士连帽卫衣,4.2,https://p16-she-va.ibyteimg.com/tos-alisg-i-f7lenjegsh-sg/c83b5ab17fa2407f8d3fa1fd46f1de34~tplv-g9dfdl17fc-origin-image.image,2026-08-01,,无样品共资,1432,排名475,,https://shop.tiktok.com/view/product/1729885091978254577?region=GB&locale=en,12.9,,,
60天新品,准备投入,1729883527609030897,S260727033184,Miss Zone,女士下装,短裤,4.2,https://p16-she-va.ibyteimg.com/tos-alisg-i-f7lenjegsh-sg/1dbf6c905dd74df5912b9e71031aa6e2~tplv-g9dfdl17fc-origin-image.image,2026-07-30,,无样品共资,581,排名476,,https://shop.tiktok.com/view/product/1729883527609030897?region=GB&locale=en,10.2,,,
60天新品,无消耗,1729876621931551453,S260719018983,Curvy Threads,女士上装,女士 Polo 衫,4.4,https://p16-she-va.ibyteimg.com/tos-alisg-i-f7lenjegsh-sg/1ce73c70fa0e46828c71767efc4d704d~tplv-g9dfdl17fc-origin-image.image,2026-07-22,,无样品共资,40,排名477,,https://shop.tiktok.com/view/product/1729876621931551453?region=GB&locale=en,8.8,,,
60天新品,无消耗,1729876400499300649,S260719003177,Kitten Knit,女士针织衫,毛衣套头衫,,https://p16-she-va.ibyteimg.com/tos-alisg-i-f7lenjegsh-sg/fd0784a344eb48998f336673138c3ca0~tplv-g9dfdl17fc-origin-image.image,2026-07-19,,无样品共资,22,排名478,,https://shop.tiktok.com/view/product/1729876400499300649?region=GB&locale=en,12.8,,,
60天新品,无消耗,1729842599200397559,S260605008705,Music eyes,女士针织衫,毛衣开衫,4.5,https://p16-she-va.ibyteimg.com/tos-alisg-i-f7lenjegsh-sg/548e502243f84a3ebc8ff695f8553dc1~tplv-g9dfdl17fc-origin-image.image,2026-06-05,,无样品共资,398,排名479,In Affiliate,https://shop.tiktok.com/view/product/1729842599200397559?region=GB&locale=en,14.8,,,
60天新品,无消耗,1729877831005215369,S260721016359,.Home sweet home,女士上装,女士连帽卫衣,4.5,https://p16-she-va.ibyteimg.com/tos-alisg-i-f7lenjegsh-sg/16a6b93d3d0945a1bcf147fee2f6a48c~tplv-g9dfdl17fc-origin-image.image,2026-07-21,,有样品额度,71,排名480,,https://shop.tiktok.com/view/product/1729877831005215369?region=GB&locale=en,8.5,,,
60天新品,低消耗,1729877752084469821,S260721012309,Modish Moo,牛仔,牛仔长裤,4.4,https://p16-she-va.ibyteimg.com/tos-alisg-i-f7lenjegsh-sg/44aae139d5814fd7b2746450ede797da~tplv-g9dfdl17fc-origin-image.image,2026-07-21,,库存不满足,25,排名481,,https://shop.tiktok.com/view/product/1729877752084469821?region=GB&locale=en,15.4,,,
60天新品,准备投入,1729864606236448929,S260701024713,Muse Plus,女士上装,女士衬衫,4.3,https://p16-she-va.ibyteimg.com/tos-alisg-i-f7lenjegsh-sg/c0b97a2095a549129a095accc70d7816~tplv-g9dfdl17fc-origin-image.image,2026-07-01,,库存不满足,29,排名482,,https://shop.tiktok.com/view/product/1729864606236448929?region=GB&locale=en,13.3,,,
60天新品,无消耗,1729882370594806089,S260720028624,XL Sweat,女士针织衫,毛衣套头衫,4.6,https://p16-she-va.ibyteimg.com/tos-alisg-i-f7lenjegsh-sg/a1127e19472946cf8f2e362824897e02~tplv-g9dfdl17fc-origin-image.image,2026-07-30,,有样品额度,98,排名483,,https://shop.tiktok.com/view/product/1729882370594806089?region=GB&locale=en,15.4,,,
60天新品,无消耗,1729883305372654217,S260729036296,.Home sweet home,女士上装,女士连帽卫衣,4.5,https://p16-she-va.ibyteimg.com/tos-alisg-i-f7lenjegsh-sg/c439df88cc2f43fd836cb109608e1e61~tplv-g9dfdl17fc-origin-image.image,2026-07-29,,无样品共资,36,排名484,,https://shop.tiktok.com/view/product/1729883305372654217?region=GB&locale=en,8.9,,,
60天新品,无消耗,1729871313567389993,S260712014246,Kitten Knit,女士针织衫,毛衣开衫,,https://p16-she-va.ibyteimg.com/tos-alisg-i-f7lenjegsh-sg/96213d4b9f524e2bbf5b91bb71af13d9~tplv-g9dfdl17fc-origin-image.image,2026-07-12,,无样品共资,28,排名485,,https://shop.tiktok.com/view/product/1729871313567389993?region=GB&locale=en,19.6,,,
60天新品,低消耗,1729853031117199424,S260613017731,CHILL SKILL,女士上装,女士 T 恤,4.8,https://p16-she-va.ibyteimg.com/tos-alisg-i-f7lenjegsh-sg/eca3dba883234f5e934de35ab539a56d~tplv-g9dfdl17fc-origin-image.image,2026-07-28,,库存不满足,24,排名486,,https://shop.tiktok.com/view/product/1729853031117199424?region=GB&locale=en,6.5,,,
60天新品,低消耗,1729871364572092489,S260712020278,Easy Buy Relax,女士针织衫,毛衣套头衫,4.2,https://p16-she-va.ibyteimg.com/tos-alisg-i-f7lenjegsh-sg/f803746d69ca4bea81b32d6ade96839e~tplv-g9dfdl17fc-origin-image.image,2026-07-15,,无样品共资,30,排名487,,https://shop.tiktok.com/view/product/1729871364572092489?region=GB&locale=en,13.9,,,
60天新品,低消耗,1729865163717974391,S260702012674,LittleBee Co,女士针织衫,毛衣连衣裙,,https://p16-she-va.ibyteimg.com/tos-alisg-i-f7lenjegsh-sg/8998188f359f43ffb43c665624eee0c6~tplv-g9dfdl17fc-origin-image.image,2026-07-22,,无样品共资,30,排名488,,https://shop.tiktok.com/view/product/1729865163717974391?region=GB&locale=en,15.7,,,
60天新品,无消耗,1729840019136551497,S260602020399,MFN Women's clothing,女士上装,女士休闲夹克和外套,,https://p16-she-va.ibyteimg.com/tos-alisg-i-f7lenjegsh-sg/d7ba100cc25948a3b1ee87c2539dbbbf~tplv-g9dfdl17fc-origin-image.image,2026-06-08,,无样品共资,100,排名489,,https://shop.tiktok.com/view/product/1729840019136551497?region=GB&locale=en,27.0,,,
60天新品,无消耗,1729880296196184513,S260724022866,Giolshon Plus,女士上装,女士休闲夹克和外套,4.2,https://p16-she-va.ibyteimg.com/tos-alisg-i-f7lenjegsh-sg/dee921adc55441b1b31872dc41ecbfb5~tplv-g9dfdl17fc-origin-image.image,2026-07-29,,无样品共资,71,排名490,,https://shop.tiktok.com/view/product/1729880296196184513?region=GB&locale=en,34.3,,,
历史爆品,无消耗,1729463881149222189,S250212000696,Classic & Elegant,女士上装,女士背心&吊带衫,4.5,https://p16-she-va.ibyteimg.com/tos-maliva-i-g9dfdl17fc-us/1ffaf29c176b4c5b98bbf479bac307a0~tplv-g9dfdl17fc-origin-image.image,2025-02-26,,无样品共资,6612,排名19,In Affiliate,https://shop.tiktok.com/view/product/1729463881149222189?region=GB&locale=en,6.6,,,
历史爆品,无消耗,1729420333977931476,S240612000617,YIMANSHA Closet,女士连衣裙,休闲连衣裙,4.5,https://p16-she-va.ibyteimg.com/tos-alisg-i-f7lenjegsh-sg/9216d6c352ae47dcaefa4eba749c1f29~tplv-g9dfdl17fc-origin-image.image,2024-06-28,,无样品共资,1505,排名2,In Affiliate,https://shop.tiktok.com/view/product/1729420333977931476?region=GB&locale=en,12.5,,,
历史爆品,低消耗,1729400927529700572,S230808002758,ZOHRA,女士下装,紧身裤,4.5,https://p16-she-va.ibyteimg.com/tos-alisg-i-f7lenjegsh-sg/cecb3e3ba23f45748679f49d44d664d1~tplv-g9dfdl17fc-origin-image.image,2023-08-29,,有样品额度,791,排名18,In Affiliate,https://shop.tiktok.com/view/product/1729400927529700572?region=GB&locale=en,38.5,,,
历史爆品,无消耗,1729406207158226058,S240326007867,YFX Fashion,女士上装,女士背心&吊带衫,4.7,https://p16-she-va.ibyteimg.com/tos-alisg-i-f7lenjegsh-sg/119aecba99d34e21aec15726d52558f7~tplv-g9dfdl17fc-origin-image.image,2024-04-12,,有样品额度,6147,排名13,In Affiliate,https://shop.tiktok.com/view/product/1729406207158226058?region=GB&locale=en,7.0,,,
历史爆品,无消耗,1729406444067458664,S240404002839,Aislinn Clothing,女士套装及西服,大码女士两件套（旧）,4.8,https://p16-she-va.ibyteimg.com/tos-alisg-i-f7lenjegsh-sg/69274994c5674a0bad66924938cebf02~tplv-g9dfdl17fc-origin-image.image,2024-04-18,,无样品共资,1044,排名1,In Affiliate,https://shop.tiktok.com/view/product/1729406444067458664?region=GB&locale=en,11.0,,,
历史爆品,高投入,1729553869630839127,S250607005435,FOXCLAW Curve,女士下装,长裤,4.2,https://p16-she-va.ibyteimg.com/tos-alisg-i-f7lenjegsh-sg/d48c21609df24b67827797bc8bccd544~tplv-g9dfdl17fc-origin-image.image,2025-06-26,,有样品额度,811,排名5,In Affiliate,https://shop.tiktok.com/view/product/1729553869630839127?region=GB&locale=en,13.4,,,
历史爆品,无消耗,1729469008765422594,S250306012598,Low Price Fashion,女士上装,女士 T 恤,4.5,https://p16-she-va.ibyteimg.com/tos-maliva-i-g9dfdl17fc-us/17ca6ff9f18d4812ac112dff7cfe1bbb~tplv-g9dfdl17fc-origin-image.image,2025-03-13,,有样品额度,1043,排名33,In Affiliate,https://shop.tiktok.com/view/product/1729469008765422594?region=GB&locale=en,6.1,,,
历史爆品,低消耗,1729403832820468956,S231212001903,ZOHRA,女士下装,紧身裤,4.5,https://p16-she-va.ibyteimg.com/tos-alisg-i-f7lenjegsh-sg/fe81ab0c8d9740c18a1a684e4aa9cd84~tplv-g9dfdl17fc-origin-image.image,2024-01-16,,有样品额度,1211,排名10,In Affiliate,https://shop.tiktok.com/view/product/1729403832820468956?region=GB&locale=en,17.8,,,
历史爆品,无消耗,1729446912093162970,S241209010189,WM.CLOTHING,女士连衣裙,休闲连衣裙,4.7,https://p16-she-va.ibyteimg.com/tos-alisg-i-f7lenjegsh-sg/f98f8f8bbe4949acaf1f6ab91419a017~tplv-g9dfdl17fc-origin-image.image,2024-12-26,,有样品额度,823,排名6,In Affiliate,https://shop.tiktok.com/view/product/1729446912093162970?region=GB&locale=en,11.2,,,
历史爆品,高投入,1729403634781752663,S240102000482,FOXCLAW Curve,女士下装,长裤,4.2,https://p16-she-va.ibyteimg.com/tos-maliva-i-g9dfdl17fc-us/2d5eb12e1b7b445485965a684a48aba2~tplv-g9dfdl17fc-origin-image.image,2024-01-09,,无样品共资,544,排名38,In Affiliate,https://shop.tiktok.com/view/product/1729403634781752663?region=GB&locale=en,9.0,,,
历史爆品,低消耗,1729462477647350848,S250207005074,CHILL SKILL,女士下装,紧身裤,4.8,https://p16-she-va.ibyteimg.com/tos-alisg-i-f7lenjegsh-sg/e2631b4c283f469badde0b71f62d8424~tplv-g9dfdl17fc-origin-image.image,2025-02-22,,无样品共资,1066,排名7,In Affiliate,https://shop.tiktok.com/view/product/1729462477647350848?region=GB&locale=en,16.4,,,
历史爆品,无消耗,1729427764491357513,S240911005300,XL Sweat,女士套装及西服,长裤套装,4.6,https://p16-she-va.ibyteimg.com/tos-alisg-i-f7lenjegsh-sg/0434706c3c3647f6b6eeb04c6397aa28~tplv-g9dfdl17fc-origin-image.image,2024-09-20,内容场占比低,有样品额度,796,排名182,In Affiliate,https://shop.tiktok.com/view/product/1729427764491357513?region=GB&locale=en,30.4,,,
历史爆品,无消耗,1729467499429334813,S250221016680,ONETHREEZERO,女士下装,长裤,4.7,https://p16-she-va.ibyteimg.com/tos-alisg-i-f7lenjegsh-sg/c42e3aa02cf64623be226e3f9e4d6f81~tplv-g9dfdl17fc-origin-image.image,2025-03-08,,有样品额度,1408,排名17,In Affiliate,https://shop.tiktok.com/view/product/1729467499429334813?region=GB&locale=en,8.3,,,
历史爆品,无消耗,1729648450783844894,S250929017026,Della Mel,女士连衣裙,休闲连衣裙,4.7,https://p16-she-va.ibyteimg.com/tos-alisg-i-f7lenjegsh-sg/6d222958949e41809a6b3460ed694573~tplv-g9dfdl17fc-origin-image.image,2025-10-04,,无样品共资,531,排名11,In Affiliate,https://shop.tiktok.com/view/product/1729648450783844894?region=GB&locale=en,11.9,,,
历史爆品,高投入,1729469784398007952,S250220009854,LILI.AN.SHOP,女士套装及西服,长裤套装,4.2,https://p16-she-va.ibyteimg.com/tos-alisg-i-f7lenjegsh-sg/af7864b769644478a6a11d71d985d199~tplv-g9dfdl17fc-origin-image.image,2025-03-14,,无样品共资,468,排名14,In Affiliate,https://shop.tiktok.com/view/product/1729469784398007952?region=GB&locale=en,18.0,,,
历史爆品,无消耗,1729409317368598360,S240428004685,AYIMZ,女士上装,女士背心&吊带衫,4.4,https://p16-she-va.ibyteimg.com/tos-alisg-i-f7lenjegsh-sg/08c65f93055844769ffbcb8aa2d16e57~tplv-g9dfdl17fc-origin-image.image,2024-05-20,,有样品额度,1645,排名21,In Affiliate,https://shop.tiktok.com/view/product/1729409317368598360?region=GB&locale=en,5.7,,,
历史爆品,无消耗,1729470187993337420,S250303009980,XGZ Clothing Stores,女士连衣裙,休闲连衣裙,4.5,https://p16-she-va.ibyteimg.com/tos-alisg-i-f7lenjegsh-sg/7c81f2fee2cb4279a9f977a6b140e3b6~tplv-g9dfdl17fc-origin-image.image,2025-03-15,,无样品共资,1146,排名28,In Affiliate,https://shop.tiktok.com/view/product/1729470187993337420?region=GB&locale=en,14.1,,,
历史爆品,无消耗,1729468066937343373,S250212007657,Rusttydustty Curve,女士连衣裙,休闲连衣裙,4.4,https://p16-she-va.ibyteimg.com/tos-alisg-i-f7lenjegsh-sg/de9bce70225c45b89d8bc0a59e484e46~tplv-g9dfdl17fc-origin-image.image,2025-03-10,,无样品共资,320,排名26,In Affiliate,https://shop.tiktok.com/view/product/1729468066937343373?region=GB&locale=en,14.7,,,
历史爆品,无消耗,1729410930781686857,S240610000632,Dragons Kaoru,女士连衣裙,休闲连衣裙,4.3,https://p16-she-va.ibyteimg.com/tos-alisg-i-f7lenjegsh-sg/30de42ade533411d8dff1dc9106a22f3~tplv-g9dfdl17fc-origin-image.image,2024-06-14,,无样品共资,11569,排名16,In Affiliate,https://shop.tiktok.com/view/product/1729410930781686857?region=GB&locale=en,11.2,,,
历史爆品,高投入,1729406203927956823,S240402000555,FOXCLAW Curve,女士上装,女士 T 恤,4.2,https://p16-she-va.ibyteimg.com/tos-alisg-i-f7lenjegsh-sg/907f528057aa40ee8f0e23341c1e6f23~tplv-g9dfdl17fc-origin-image.image,2024-04-12,,样品额度低,2318,排名36,In Affiliate,https://shop.tiktok.com/view/product/1729406203927956823?region=GB&locale=en,7.1,,,
历史爆品,无消耗,1729410702561545707,S240604000479,Finjani Plus,女士连衣裙,休闲连衣裙,4.6,https://p16-she-va.ibyteimg.com/tos-alisg-i-f7lenjegsh-sg/2468cfc6098d4d8f938aa9677121ea92~tplv-g9dfdl17fc-origin-image.image,2024-06-11,,无样品共资,2630,排名3,In Affiliate,https://shop.tiktok.com/view/product/1729410702561545707?region=GB&locale=en,15.9,,,
历史爆品,无消耗,1729427390304915320,S240904002855,Wang Zekai Sweater,女士针织衫,毛衣开衫,4.1,https://p16-she-va.ibyteimg.com/tos-alisg-i-f7lenjegsh-sg/5203d3ee88df4f2b8c05cfe614f9b72b~tplv-g9dfdl17fc-origin-image.image,2024-09-13,内容场占比低,无样品共资,652,排名64,In Affiliate,https://shop.tiktok.com/view/product/1729427390304915320?region=GB&locale=en,12.7,,,
历史爆品,无消耗,1729404284841463480,S240120000481,Big Girls Apparel,女士连衣裙,大码连衣裙（旧）,4.7,https://p16-she-va.ibyteimg.com/tos-alisg-i-f7lenjegsh-sg/b27ed95477eb4ad7810228202aa54b37~tplv-g9dfdl17fc-origin-image.image,2024-02-05,,无样品共资,903,排名23,In Affiliate,https://shop.tiktok.com/view/product/1729404284841463480?region=GB&locale=en,18.1,,,
历史爆品,无消耗,1729609082316954017,S250807009671,Polydeer Curve,女士上装,女士风衣与雨衣,4.5,https://p16-she-va.ibyteimg.com/tos-alisg-i-f7lenjegsh-sg/da39036f629c4b99bbbdf478551e6cf5~tplv-g9dfdl17fc-origin-image.image,2025-08-15,,无样品共资,1201,排名32,In Affiliate,https://shop.tiktok.com/view/product/1729609082316954017?region=GB&locale=en,24.2,,,
历史爆品,无消耗,1729406609644883171,S240320001438,GEORGIO PEVIANI,牛仔,牛仔短裤,4.3,https://p16-she-va.ibyteimg.com/tos-maliva-i-g9dfdl17fc-us/e3c346c5f97549ec8e72b9f3bdab121f~tplv-g9dfdl17fc-origin-image.image,2024-04-22,,无样品共资,757,排名9,In Affiliate,https://shop.tiktok.com/view/product/1729406609644883171?region=GB&locale=en,15.7,,,
历史爆品,无消耗,1729444820176048015,S241223009051,MeetOasis,女士上装,女士连帽卫衣,4.6,https://p16-she-va.ibyteimg.com/tos-alisg-i-f7lenjegsh-sg/73c3d63cc5c2437fa778d299de99a588~tplv-g9dfdl17fc-origin-image.image,2024-12-24,,无样品共资,9398,排名94,In Affiliate,https://shop.tiktok.com/view/product/1729444820176048015?region=GB&locale=en,17.6,,,
历史爆品,低消耗,1729426343241419996,S240812003853,ZOHRA,女士下装,长裤,4.5,https://p16-she-va.ibyteimg.com/tos-alisg-i-f7lenjegsh-sg/5034bed9e5be41dbbd9325724fb9e091~tplv-g9dfdl17fc-origin-image.image,2024-09-03,,样品额度低,638,排名40,In Affiliate,https://shop.tiktok.com/view/product/1729426343241419996?region=GB&locale=en,15.7,,,
历史爆品,低消耗,1729434471324617792,S241019003338,CHILL SKILL,女士下装,紧身裤,4.8,https://p16-she-va.ibyteimg.com/tos-alisg-i-f7lenjegsh-sg/f2e2cf53bd9d4657bcc7715a5d41ec25~tplv-g9dfdl17fc-origin-image.image,2024-11-15,内容场占比低,无样品共资,411,排名25,In Affiliate,https://shop.tiktok.com/view/product/1729434471324617792?region=GB&locale=en,20.8,,,
历史爆品,无消耗,1729521987567065829,S250508013724,Afant,女士套装及西服,长裤套装,4.9,https://p16-she-va.ibyteimg.com/tos-alisg-i-f7lenjegsh-sg/30ce00d25ca04ee5b5104907695894bc~tplv-g9dfdl17fc-origin-image.image,2025-06-01,,无样品共资,340,排名29,In Affiliate,https://shop.tiktok.com/view/product/1729521987567065829?region=GB&locale=en,17.2,,,
历史爆品,高投入,1729401674439298391,S230930000159,FOXCLAW Curve,女士上装,女士衬衫,4.2,https://p16-she-va.ibyteimg.com/tos-alisg-i-f7lenjegsh-sg/b50c3e594bda41358c38e5ed9fcf54c7~tplv-g9dfdl17fc-origin-image.image,2023-10-17,,无样品共资,767,排名37,NotIn Affiliate,https://shop.tiktok.com/view/product/1729401674439298391?region=GB&locale=en,10.0,,,
历史爆品,高投入,1729475354782505303,S250318012203,FOXCLAW Curve,女士上装,女士 T 恤,4.2,https://p16-she-va.ibyteimg.com/tos-alisg-i-f7lenjegsh-sg/b928ed91184146a29a1a0c16b0da0027~tplv-g9dfdl17fc-origin-image.image,2025-03-28,,有样品额度,454,排名51,In Affiliate,https://shop.tiktok.com/view/product/1729475354782505303?region=GB&locale=en,8.3,,,
历史爆品,无消耗,1729448357168123354,S241218010046,WM.CLOTHING,女士上装,女士 T 恤,4.7,https://p16-she-va.ibyteimg.com/tos-alisg-i-f7lenjegsh-sg/23b2f5e06c5648a3b7ed23a00dbdea27~tplv-g9dfdl17fc-origin-image.image,2024-12-30,,样品额度低,293,排名61,In Affiliate,https://shop.tiktok.com/view/product/1729448357168123354?region=GB&locale=en,8.5,,,
历史爆品,无消耗,1729405105799138795,S240312000258,Finjani Plus,女士套装及西服,大码女士两件套（旧）,4.6,https://p16-she-va.ibyteimg.com/tos-alisg-i-f7lenjegsh-sg/6399a45eb94d40fd8994b9a112ef2459~tplv-g9dfdl17fc-origin-image.image,2024-03-20,,无样品共资,461,排名22,In Affiliate,https://shop.tiktok.com/view/product/1729405105799138795?region=GB&locale=en,12.2,,,
历史爆品,无消耗,1729406662411128137,S240405003650,XL Sweat,女士针织衫,毛衣开衫,4.6,https://p16-she-va.ibyteimg.com/tos-alisg-i-f7lenjegsh-sg/35f5c614d32347abb6aa035ac88ab997~tplv-g9dfdl17fc-origin-image.image,2024-04-23,,有样品额度,806,排名52,In Affiliate,https://shop.tiktok.com/view/product/1729406662411128137?region=GB&locale=en,11.9,,,
历史爆品,无消耗,1729409074960043787,S240508002117,CurvyPride Fashion,女士上装,女士 T 恤,4.2,https://p16-she-va.ibyteimg.com/tos-alisg-i-f7lenjegsh-sg/1f36d77157834599b46b11fd509a036e~tplv-g9dfdl17fc-origin-image.image,2024-05-16,,有样品额度,248,排名44,In Affiliate,https://shop.tiktok.com/view/product/1729409074960043787?region=GB&locale=en,6.3,,,
历史爆品,无消耗,1729672701567409147,S251024070725,KISS PLUS JEANS,牛仔,牛仔长裤,4.4,https://p16-she-va.ibyteimg.com/tos-alisg-i-f7lenjegsh-sg/3659ea8cc940434fa9dfeedbd626c094~tplv-g9dfdl17fc-origin-image.image,2025-10-24,,无样品共资,104,排名67,In Affiliate,https://shop.tiktok.com/view/product/1729672701567409147?region=GB&locale=en,17.8,,,
历史爆品,高投入,1729520355408386704,S250418014953,LILI.AN.SHOP,连体衣,连体裤,4.2,https://p16-she-va.ibyteimg.com/tos-alisg-i-f7lenjegsh-sg/df662efe5ffd4673841880afb6d39a03~tplv-g9dfdl17fc-origin-image.image,2025-05-30,,无样品共资,952,排名12,In Affiliate,https://shop.tiktok.com/view/product/1729520355408386704?region=GB&locale=en,16.9,,,
历史爆品,低消耗,1729408130689633500,S240412005858,ZOHRA,女士下装,紧身裤,4.5,https://p16-she-va.ibyteimg.com/tos-alisg-i-f7lenjegsh-sg/ac3c7b9d66764fc88ba8dc8ac8970f5b~tplv-g9dfdl17fc-origin-image.image,2024-04-30,,有样品额度,213,排名60,In Affiliate,https://shop.tiktok.com/view/product/1729408130689633500?region=GB&locale=en,41.7,,,
历史爆品,无消耗,1729483696656587243,S250327007906,Finjani Plus,女士下装,半身裙,4.6,https://p16-she-va.ibyteimg.com/tos-alisg-i-f7lenjegsh-sg/5e3a29beb2ea494fbcf7d9d3cd95e750~tplv-g9dfdl17fc-origin-image.image,2025-04-11,,无样品共资,216,排名30,In Affiliate,https://shop.tiktok.com/view/product/1729483696656587243?region=GB&locale=en,13.9,,,
历史爆品,高投入,1729460638792584535,S250208006955,FOXCLAW Curve,女士上装,女士衬衫,4.2,https://p16-she-va.ibyteimg.com/tos-alisg-i-f7lenjegsh-sg/8a4bfbfd791d46bf806ffbc83a9a045c~tplv-g9dfdl17fc-origin-image.image,2025-02-15,,有样品额度,172,排名105,In Affiliate,https://shop.tiktok.com/view/product/1729460638792584535?region=GB&locale=en,8.6,,,
历史爆品,无消耗,1729624970644527501,S250826007435,Rusttydustty Curve,女士连衣裙,休闲连衣裙,4.4,https://p16-she-va.ibyteimg.com/tos-alisg-i-f7lenjegsh-sg/0828e52849514943b7e3ae58f1871073~tplv-g9dfdl17fc-origin-image.image,2025-09-02,,有样品额度,741,排名53,In Affiliate,https://shop.tiktok.com/view/product/1729624970644527501?region=GB&locale=en,17.5,,,
历史爆品,无消耗,1729411201633849148,S240528003106,AIWEIEN Plus Size,女士连衣裙,休闲连衣裙,4.3,https://p16-she-va.ibyteimg.com/tos-alisg-i-f7lenjegsh-sg/38b2bd42871a48eeb6a86a5f357e0e56~tplv-g9dfdl17fc-origin-image.image,2024-06-18,,有样品额度,2362,排名27,In Affiliate,https://shop.tiktok.com/view/product/1729411201633849148?region=GB&locale=en,17.0,,,
历史爆品,低消耗,1729586820550793280,S250625013766,CHILL SKILL,女士下装,长裤,4.8,https://p16-she-va.ibyteimg.com/tos-alisg-i-f7lenjegsh-sg/c6534d2d84824c5daf55497c82c757dc~tplv-g9dfdl17fc-origin-image.image,2025-07-25,,有样品额度,216,排名34,In Affiliate,https://shop.tiktok.com/view/product/1729586820550793280?region=GB&locale=en,12.2,,,
历史爆品,无消耗,1729410244978117705,S240525004817,Dragons Kaoru,女士连衣裙,休闲连衣裙,4.3,https://p16-she-va.ibyteimg.com/tos-alisg-i-f7lenjegsh-sg/d5d936f4ebc54c9da322b21aa5d6996d~tplv-g9dfdl17fc-origin-image.image,2024-06-04,,有样品额度,12498,排名20,In Affiliate,https://shop.tiktok.com/view/product/1729410244978117705?region=GB&locale=en,16.2,,,
历史爆品,无消耗,1729652989064616265,S251004020291,XL Sweat,女士针织衫,毛衣开衫,4.6,https://p16-she-va.ibyteimg.com/tos-alisg-i-f7lenjegsh-sg/113119c187a2424195ff03765bdc481f~tplv-g9dfdl17fc-origin-image.image,2025-10-13,内容场占比低,有样品额度,402,排名71,In Affiliate,https://shop.tiktok.com/view/product/1729652989064616265?region=GB&locale=en,17.9,,,
历史爆品,无消耗,1729642338338314637,S250920023865,Rusttydustty Curve,女士连衣裙,休闲连衣裙,4.4,https://p16-she-va.ibyteimg.com/tos-maliva-i-g9dfdl17fc-us/b8028935e77441fc99599836514d1bd7~tplv-g9dfdl17fc-origin-image.image,2025-09-23,,有样品额度,157,排名80,In Affiliate,https://shop.tiktok.com/view/product/1729642338338314637?region=GB&locale=en,25.5,,,
历史爆品,无消耗,1729610643970365769,S250808014899,XL Sweat,女士针织衫,毛衣套头衫,4.6,https://p16-she-va.ibyteimg.com/tos-alisg-i-f7lenjegsh-sg/1bce0f3f824749268e1d2d6f930b6027~tplv-g9dfdl17fc-origin-image.image,2025-08-17,,有样品额度,560,排名114,In Affiliate,https://shop.tiktok.com/view/product/1729610643970365769?region=GB&locale=en,23.6,,,
历史爆品,无消耗,1729410919915556169,S240602002202,XL Sweat,女士针织衫,毛衣开衫,4.6,https://p16-she-va.ibyteimg.com/tos-alisg-i-f7lenjegsh-sg/a0c912208fad4526808edfeae18b0174~tplv-g9dfdl17fc-origin-image.image,2024-06-14,,有样品额度,904,排名69,In Affiliate,https://shop.tiktok.com/view/product/1729410919915556169?region=GB&locale=en,17.0,,,
历史爆品,无消耗,1729410776137042985,S240520005889,Nemophilist,女士下装,紧身裤,4.4,https://p16-she-va.ibyteimg.com/tos-maliva-i-g9dfdl17fc-us/135EDEF46454E8D4OptimCopy~tplv-g9dfdl17fc-origin-image.image,2024-06-12,,无样品共资,116,排名70,In Affiliate,https://shop.tiktok.com/view/product/1729410776137042985?region=GB&locale=en,10.4,,,
历史爆品,无消耗,1729612968097257921,S250809000280,Giolshon Plus,女士上装,女士人造皮革夹克,4.2,https://p16-she-va.ibyteimg.com/tos-alisg-i-f7lenjegsh-sg/ddc6bcee2386471c9e67f5dec92049f9~tplv-g9dfdl17fc-origin-image.image,2025-08-19,,无样品共资,678,排名65,In Affiliate,https://shop.tiktok.com/view/product/1729612968097257921?region=GB&locale=en,27.1,,,
历史爆品,无消耗,1729403855714553528,S240111003520,Big Girls Apparel,女士连衣裙,休闲连衣裙,4.7,https://p16-she-va.ibyteimg.com/tos-alisg-i-f7lenjegsh-sg/7d3a21a7b2284c8b8110cf039effc247~tplv-g9dfdl17fc-origin-image.image,2024-01-17,,无样品共资,717,排名24,In Affiliate,https://shop.tiktok.com/view/product/1729403855714553528?region=GB&locale=en,21.3,,,
历史爆品,无消耗,1729405638546919096,S240318004292,Big Girls Apparel,女士连衣裙,休闲连衣裙,4.7,https://p16-she-va.ibyteimg.com/tos-alisg-i-f7lenjegsh-sg/9a02acab6e9446eeb92669eb7a38d890~tplv-g9dfdl17fc-origin-image.image,2024-04-01,,无样品共资,528,排名42,In Affiliate,https://shop.tiktok.com/view/product/1729405638546919096?region=GB&locale=en,19.4,,,
历史爆品,无消耗,1729653300098144329,S250922008951,Dragons Kaoru,女士上装,女士套头卫衣,4.3,https://p16-she-va.ibyteimg.com/tos-maliva-i-g9dfdl17fc-us/9f162ad4ffd046e0ab204b68cee8b698~tplv-g9dfdl17fc-origin-image.image,2025-10-05,内容场占比低,无样品共资,93,排名120,In Affiliate,https://shop.tiktok.com/view/product/1729653300098144329?region=GB&locale=en,14.5,,,
历史爆品,无消耗,1729427797411400926,S240908007835,Chic NNeed,女士上装,女士背心&吊带衫,4.5,https://p16-she-va.ibyteimg.com/tos-alisg-i-f7lenjegsh-sg/dab1e5e7904645889585d65706a8fc68~tplv-g9dfdl17fc-origin-image.image,2024-09-21,,无样品共资,1968,排名35,In Affiliate,https://shop.tiktok.com/view/product/1729427797411400926?region=GB&locale=en,10.6,,,
历史爆品,无消耗,1729661270904445155,S251014002523,GEORGIO PEVIANI,牛仔,牛仔外套,4.3,https://p16-she-va.ibyteimg.com/tos-maliva-i-g9dfdl17fc-us/c2b34ad89a4b47bcad37bc076c30b6ac~tplv-g9dfdl17fc-origin-image.image,2025-10-18,,无样品共资,283,排名62,In Affiliate,https://shop.tiktok.com/view/product/1729661270904445155?region=GB&locale=en,27.2,,,
历史爆品,无消耗,1729420781078678925,S240625003478,Rusttydustty Curve,女士连衣裙,休闲连衣裙,4.4,https://p16-she-va.ibyteimg.com/tos-alisg-i-f7lenjegsh-sg/df7e3d2318fb4efa9378190b0cc3967f~tplv-g9dfdl17fc-origin-image.image,2024-07-04,,样品额度低,145,排名142,In Affiliate,https://shop.tiktok.com/view/product/1729420781078678925?region=GB&locale=en,20.2,,,
历史爆品,无消耗,1729461727442996715,S250215001087,Finjani Plus,女士上装,女士衬衫,4.6,https://p16-she-va.ibyteimg.com/tos-alisg-i-f7lenjegsh-sg/3c542f10d9154ee5be19e026678c9925~tplv-g9dfdl17fc-origin-image.image,2025-02-20,,无样品共资,149,排名89,In Affiliate,https://shop.tiktok.com/view/product/1729461727442996715?region=GB&locale=en,12.6,,,
历史爆品,无消耗,1729546293450217545,S250603014980,Dragons Kaoru,女士下装,长裤,4.3,https://p16-she-va.ibyteimg.com/tos-alisg-i-f7lenjegsh-sg/3c203f38058e454690880718355e1968~tplv-g9dfdl17fc-origin-image.image,2025-06-19,,有样品额度,1559,排名86,In Affiliate,https://shop.tiktok.com/view/product/1729546293450217545?region=GB&locale=en,9.7,,,
历史爆品,高投入,1729524528843233623,S250519004860,FOXCLAW Curve,连体衣,连体裤,4.2,https://p16-she-va.ibyteimg.com/tos-alisg-i-f7lenjegsh-sg/276ef63b727047e0b5c4a89724b9f760~tplv-g9dfdl17fc-origin-image.image,2025-06-04,,有样品额度,177,排名59,In Affiliate,https://shop.tiktok.com/view/product/1729524528843233623?region=GB&locale=en,8.3,,,
历史爆品,高投入,1729408463686831447,S240411002819,FOXCLAW Curve,连体衣,连体裤,4.2,https://p16-she-va.ibyteimg.com/tos-alisg-i-f7lenjegsh-sg/5c4ed9e360eb466c8470d722cdf7fb9f~tplv-g9dfdl17fc-origin-image.image,2024-05-06,,有样品额度,384,排名49,In Affiliate,https://shop.tiktok.com/view/product/1729408463686831447?region=GB&locale=en,11.4,,,
历史爆品,无消耗,1729428027541720286,S240903008119,Chic NNeed,女士上装,女士 T 恤,4.5,https://p16-she-va.ibyteimg.com/tos-alisg-i-f7lenjegsh-sg/a9ee434456c648f999db509981b89016~tplv-g9dfdl17fc-origin-image.image,2024-09-25,,无样品共资,193,排名47,In Affiliate,https://shop.tiktok.com/view/product/1729428027541720286?region=GB&locale=en,21.7,,,
历史爆品,无消耗,1729586117088418488,S250721015784,Big Girls Apparel,女士连衣裙,休闲连衣裙,4.7,https://p16-she-va.ibyteimg.com/tos-alisg-i-f7lenjegsh-sg/e98e1606ba3a4426ae86ff13f74421c8~tplv-g9dfdl17fc-origin-image.image,2025-07-25,,无样品共资,408,排名117,In Affiliate,https://shop.tiktok.com/view/product/1729586117088418488?region=GB&locale=en,15.6,,,
历史爆品,无消耗,1729461328137391948,S250217000965,Asvivid Curve,女士上装,女士 T 恤,,https://p16-she-va.ibyteimg.com/tos-alisg-i-f7lenjegsh-sg/4eeac55017354e4a99538836f0679eeb~tplv-g9dfdl17fc-origin-image.image,2025-02-18,内容场占比低,无样品共资,124,排名227,In Affiliate,https://shop.tiktok.com/view/product/1729461328137391948?region=GB&locale=en,10.0,,,
历史爆品,无消耗,1729628499707074977,S250901021119,Polydeer Curve,女士上装,女士风衣与雨衣,4.5,https://p16-she-va.ibyteimg.com/tos-maliva-i-g9dfdl17fc-us/e0bce91000914a2a8694ffb4d75607ac~tplv-g9dfdl17fc-origin-image.image,2025-09-07,,无样品共资,241,排名76,In Affiliate,https://shop.tiktok.com/view/product/1729628499707074977?region=GB&locale=en,23.2,,,
历史爆品,低消耗,1729564262660151516,S250625016859,ZOHRA,女士下装,长裤,4.5,https://p16-she-va.ibyteimg.com/tos-alisg-i-f7lenjegsh-sg/f00b9aa78ad645428ae3f5ab17dd35f1~tplv-g9dfdl17fc-origin-image.image,2025-07-04,,有样品额度,107,排名111,In Affiliate,https://shop.tiktok.com/view/product/1729564262660151516?region=GB&locale=en,22.2,,,
历史爆品,高投入,1729470232336436567,S250303012851,FOXCLAW Curve,女士下装,长裤,4.2,https://p16-she-va.ibyteimg.com/tos-alisg-i-f7lenjegsh-sg/d4620a4bffe0464596d172b515cd982f~tplv-g9dfdl17fc-origin-image.image,2025-03-16,,无样品共资,115,排名95,In Affiliate,https://shop.tiktok.com/view/product/1729470232336436567?region=GB&locale=en,10.6,,,
历史爆品,无消耗,1729427066283069177,S240823003646,CurveVogue,女士上装,女士 T 恤,4.6,https://p16-she-va.ibyteimg.com/tos-alisg-i-f7lenjegsh-sg/251e624d19614f23ae31a68048e49509~tplv-g9dfdl17fc-origin-image.image,2024-09-09,内容场占比低,无样品共资,157,排名247,In Affiliate,https://shop.tiktok.com/view/product/1729427066283069177?region=GB&locale=en,9.9,,,
历史爆品,无消耗,1729420170010856845,S240619005674,Rusttydustty Curve,女士连衣裙,休闲连衣裙,4.4,https://p16-she-va.ibyteimg.com/tos-alisg-i-f7lenjegsh-sg/bd9a94bd47fe4de8ba871381a7bc4fa5~tplv-g9dfdl17fc-origin-image.image,2024-06-28,,有样品额度,320,排名68,In Affiliate,https://shop.tiktok.com/view/product/1729420170010856845?region=GB&locale=en,17.7,,,
历史爆品,无消耗,1729468618841951504,S250228016005,SunnySide Blue,牛仔,牛仔长裤,4.4,https://p16-she-va.ibyteimg.com/tos-alisg-i-f7lenjegsh-sg/c6d40db1c17b4c088e7fa581d83d248b~tplv-g9dfdl17fc-origin-image.image,2025-03-12,,无样品共资,504,排名72,In Affiliate,https://shop.tiktok.com/view/product/1729468618841951504?region=GB&locale=en,16.1,,,
历史爆品,无消耗,1729411363146730825,S240610000930,XL Sweat,女士针织衫,毛衣开衫,4.6,https://p16-she-va.ibyteimg.com/tos-alisg-i-f7lenjegsh-sg/a0934df05a6343889cdc087f6d2a1bab~tplv-g9dfdl17fc-origin-image.image,2024-06-20,内容场占比低,有样品额度,623,排名81,In Affiliate,https://shop.tiktok.com/view/product/1729411363146730825?region=GB&locale=en,14.4,,,
历史爆品,无消耗,1729428813417778292,S240912003623,Kara Studio,女士上装,女士 T 恤,4.5,https://p16-she-va.ibyteimg.com/tos-alisg-i-f7lenjegsh-sg/73fc659068254a368379c40e44fc3668~tplv-g9dfdl17fc-origin-image.image,2024-10-04,,无样品共资,393,排名74,In Affiliate,https://shop.tiktok.com/view/product/1729428813417778292?region=GB&locale=en,10.7,,,
历史爆品,无消耗,1729456050327817671,S241230003435,SHINE FLY,女士下装,长裤,4.4,https://p16-she-va.ibyteimg.com/tos-alisg-i-f7lenjegsh-sg/888a4e239ed64032aa1c6e8b2f0c9b90~tplv-g9dfdl17fc-origin-image.image,2025-01-25,内容场占比低,无样品共资,73,排名266,In Affiliate,https://shop.tiktok.com/view/product/1729456050327817671?region=GB&locale=en,9.5,,,
历史爆品,无消耗,1729658983287920713,S251011035266,Dragons Kaoru,女士套装及西服,连衣裙套装,4.3,https://p16-she-va.ibyteimg.com/tos-alisg-i-f7lenjegsh-sg/1d839887cbd241b093b79c0538cbaa18~tplv-g9dfdl17fc-origin-image.image,2025-10-21,,无样品共资,229,排名189,In Affiliate,https://shop.tiktok.com/view/product/1729658983287920713?region=GB&locale=en,24.0,,,
历史爆品,高投入,1729509579132344663,S250418001230,FOXCLAW Curve,牛仔,牛仔长裤,4.2,https://p16-she-va.ibyteimg.com/tos-alisg-i-f7lenjegsh-sg/d0f1f9e72a464de9a37eaa1af22a9c9e~tplv-g9dfdl17fc-origin-image.image,2025-05-17,,有样品额度,409,排名90,In Affiliate,https://shop.tiktok.com/view/product/1729509579132344663?region=GB&locale=en,13.5,,,
历史爆品,高投入,1729560326923786583,S250617012654,FOXCLAW Curve,女士连衣裙,休闲连衣裙,4.2,https://p16-she-va.ibyteimg.com/tos-maliva-i-g9dfdl17fc-us/02a6cd0b2d33495a93f12a428db727e4~tplv-g9dfdl17fc-origin-image.image,2025-07-01,,有样品额度,210,排名43,In Affiliate,https://shop.tiktok.com/view/product/1729560326923786583?region=GB&locale=en,17.6,,,
历史爆品,无消耗,1729586780989266905,S250711015596,Beautiful Nomad,女士上装,女士 T 恤,4.5,https://p16-she-va.ibyteimg.com/tos-alisg-i-f7lenjegsh-sg/e84e342d120e4ae1b79ceecd12e76f9e~tplv-g9dfdl17fc-origin-image.image,2025-07-25,,无样品共资,48,排名118,In Affiliate,https://shop.tiktok.com/view/product/1729586780989266905?region=GB&locale=en,9.9,,,
历史爆品,低消耗,1729638822599301340,S250911026525,ZOHRA,女士下装,长裤,4.5,https://p16-she-va.ibyteimg.com/tos-alisg-i-f7lenjegsh-sg/7baaafa6f09e4d1c8bfb579ced690b61~tplv-g9dfdl17fc-origin-image.image,2025-09-18,,有样品额度,32,排名143,In Affiliate,https://shop.tiktok.com/view/product/1729638822599301340?region=GB&locale=en,15.1,,,
历史爆品,低消耗,1729427260844379356,S240826007105,ZOHRA,女士下装,长裤,4.5,https://p16-she-va.ibyteimg.com/tos-alisg-i-f7lenjegsh-sg/81a0fdf07049424883c6306189148cbe~tplv-g9dfdl17fc-origin-image.image,2024-09-11,内容场占比低,有样品额度,141,排名135,In Affiliate,https://shop.tiktok.com/view/product/1729427260844379356?region=GB&locale=en,31.6,,,
历史爆品,高投入,1729400991811145047,S230826002438,FOXCLAW Curve,女士上装,女士衬衫,4.2,https://p16-she-va.ibyteimg.com/tos-alisg-i-f7lenjegsh-sg/0fceb18bb45247c98ac49e3d5758cd68~tplv-g9dfdl17fc-origin-image.image,2023-09-05,,样品额度低,982,排名41,In Affiliate,https://shop.tiktok.com/view/product/1729400991811145047?region=GB&locale=en,9.6,,,
历史爆品,无消耗,1729633549205805835,S250829023576,CurvyPride Fashion,女士上装,女士休闲夹克和外套,4.2,https://p16-she-va.ibyteimg.com/tos-alisg-i-f7lenjegsh-sg/79659e85c34a4999b0d9b77ba0f26225~tplv-g9dfdl17fc-origin-image.image,2025-09-12,,无样品共资,48,排名491,In Affiliate,https://shop.tiktok.com/view/product/1729633549205805835?region=GB&locale=en,20.9,,,
历史爆品,低消耗,1729586782108489948,S250722017742,ZOHRA,女士下装,长裤,4.5,https://p16-she-va.ibyteimg.com/tos-maliva-i-g9dfdl17fc-us/985cdd05af43445d8a6214510cd33ffb~tplv-g9dfdl17fc-origin-image.image,2025-07-25,内容场占比低,有样品额度,87,排名235,In Affiliate,https://shop.tiktok.com/view/product/1729586782108489948?region=GB&locale=en,19.3,,,
历史爆品,无消耗,1729610210543770049,S250808023043,Giolshon Plus,女士上装,女士人造皮革夹克,4.2,https://p16-she-va.ibyteimg.com/tos-alisg-i-f7lenjegsh-sg/5d288eb7b33b4712a7eaa3635c2a3a07~tplv-g9dfdl17fc-origin-image.image,2025-08-16,,无样品共资,152,排名116,In Affiliate,https://shop.tiktok.com/view/product/1729610210543770049?region=GB&locale=en,23.6,,,
历史爆品,高投入,1729429824683806039,S240914000935,FOXCLAW Curve,女士上装,女士衬衫,4.2,https://p16-she-va.ibyteimg.com/tos-alisg-i-f7lenjegsh-sg/edf15c590344493eb041e705e4ba0ee9~tplv-g9dfdl17fc-origin-image.image,2024-10-16,内容场占比低,无样品共资,184,排名157,In Affiliate,https://shop.tiktok.com/view/product/1729429824683806039?region=GB&locale=en,11.0,,,
历史爆品,无消耗,1729510247523064263,S250514011846,SHINE FLY,女士连衣裙,休闲连衣裙,4.4,https://p16-she-va.ibyteimg.com/tos-maliva-i-g9dfdl17fc-us/359bdcacd7ea4ba2913ac30fc5bf06d4~tplv-g9dfdl17fc-origin-image.image,2025-05-18,,无样品共资,51,排名492,In Affiliate,https://shop.tiktok.com/view/product/1729510247523064263?region=GB&locale=en,18.0,,,
历史爆品,无消耗,1729488416676616641,S250402016153,Giolshon Plus,女士上装,女士休闲夹克和外套,4.2,https://p16-she-va.ibyteimg.com/tos-alisg-i-f7lenjegsh-sg/3460422f59024b12816a173e908dc962~tplv-g9dfdl17fc-origin-image.image,2025-04-17,,有样品额度,163,排名130,In Affiliate,https://shop.tiktok.com/view/product/1729488416676616641?region=GB&locale=en,23.8,,,
历史爆品,无消耗,1729468618536488208,S250228015762,SunnySide Blue,牛仔,牛仔半裙,4.4,https://p16-she-va.ibyteimg.com/tos-alisg-i-f7lenjegsh-sg/a71abc796df3479b87c985d2070c22ed~tplv-g9dfdl17fc-origin-image.image,2025-03-12,,无样品共资,210,排名218,In Affiliate,https://shop.tiktok.com/view/product/1729468618536488208?region=GB&locale=en,21.6,,,
历史爆品,无消耗,1729401319459491512,S230908005941,Big Girls Apparel,女士连衣裙,休闲连衣裙,4.7,https://p16-she-va.ibyteimg.com/tos-alisg-i-f7lenjegsh-sg/39b15c0360964794ba74acf3295782e6~tplv-g9dfdl17fc-origin-image.image,2023-09-26,,无样品共资,77,排名493,In Affiliate,https://shop.tiktok.com/view/product/1729401319459491512?region=GB&locale=en,27.0,,,
历史爆品,无消耗,1729427445129973065,S240906009175,XL Sweat,女士针织衫,毛衣开衫,4.6,https://p16-she-va.ibyteimg.com/tos-alisg-i-f7lenjegsh-sg/5bf49317db5844b789345e681d26b63e~tplv-g9dfdl17fc-origin-image.image,2024-09-14,,无样品共资,238,排名494,In Affiliate,https://shop.tiktok.com/view/product/1729427445129973065?region=GB&locale=en,19.4,,,
历史爆品,无消耗,1729406609677323661,S240411003089,Rusttydustty Curve,女士连衣裙,休闲连衣裙,4.4,https://p16-she-va.ibyteimg.com/tos-alisg-i-f7lenjegsh-sg/f7335c1ef47b46ffa2642bf33c4d18ad~tplv-g9dfdl17fc-origin-image.image,2024-04-22,,无样品共资,32,排名173,In Affiliate,https://shop.tiktok.com/view/product/1729406609677323661?region=GB&locale=en,15.9,,,
历史爆品,无消耗,1729475046381033545,S250314021330,Dragons Kaoru,女士连衣裙,休闲连衣裙,4.3,https://p16-she-va.ibyteimg.com/tos-alisg-i-f7lenjegsh-sg/16cc8965e97e453f8a7eeb1154d6172e~tplv-g9dfdl17fc-origin-image.image,2025-03-27,,无样品共资,1060,排名39,In Affiliate,https://shop.tiktok.com/view/product/1729475046381033545?region=GB&locale=en,19.1,,,
历史爆品,无消耗,1729582018139298567,S250721018829,UNITHORSE,女士连衣裙,晚礼服,4.4,https://p16-she-va.ibyteimg.com/tos-alisg-i-f7lenjegsh-sg/a8a8882a73f948e0bf41b71c750d5d65~tplv-g9dfdl17fc-origin-image.image,2025-07-21,,无样品共资,86,排名495,,https://shop.tiktok.com/view/product/1729582018139298567?region=GB&locale=en,41.7,,,
历史爆品,高投入,1729435215460863287,S241027003779,EVANDAL,女士上装,女士 T 恤,4.6,https://p16-she-va.ibyteimg.com/tos-alisg-i-f7lenjegsh-sg/c96d3c917663434f9432b878d3e4d22a~tplv-g9dfdl17fc-origin-image.image,2024-11-20,,无样品共资,54,排名496,In Affiliate,https://shop.tiktok.com/view/product/1729435215460863287?region=GB&locale=en,12.9,,,
历史爆品,无消耗,1729578020689058368,S250717008951,JYLINN Cruve,女士连衣裙,休闲连衣裙,4.5,https://p16-she-va.ibyteimg.com/tos-maliva-i-g9dfdl17fc-us/a6d4dbb0c2804562a901df2212d1b8f1~tplv-g9dfdl17fc-origin-image.image,2025-07-17,,无样品共资,52,排名204,In Affiliate,https://shop.tiktok.com/view/product/1729578020689058368?region=GB&locale=en,13.5,,,
历史爆品,无消耗,1729434929265478985,S241114003494,XL Sweat,女士针织衫,毛衣套头衫,4.6,https://p16-she-va.ibyteimg.com/tos-alisg-i-f7lenjegsh-sg/7988e8d59356401dbd9720c055d1e5e7~tplv-g9dfdl17fc-origin-image.image,2024-11-18,,无样品共资,86,排名497,,https://shop.tiktok.com/view/product/1729434929265478985?region=GB&locale=en,20.3,,,
历史爆品,高投入,1729593753675864407,S250704011044,FOXCLAW Curve,女士下装,长裤,4.2,https://p16-she-va.ibyteimg.com/tos-maliva-i-g9dfdl17fc-us/ad7d18efa04a4829a142b3d7bbfe1824~tplv-g9dfdl17fc-origin-image.image,2025-08-01,,无样品共资,48,排名211,In Affiliate,https://shop.tiktok.com/view/product/1729593753675864407?region=GB&locale=en,11.1,,,
历史爆品,无消耗,1729423574822587934,S240727003801,Della Mel,女士连衣裙,休闲连衣裙,4.7,https://p16-she-va.ibyteimg.com/tos-alisg-i-f7lenjegsh-sg/c8acda201b70481383386e1806e58506~tplv-g9dfdl17fc-origin-image.image,2024-08-06,内容场占比低,无样品共资,184,排名243,In Affiliate,https://shop.tiktok.com/view/product/1729423574822587934?region=GB&locale=en,16.4,,,
历史爆品,无消耗,1729587972920875337,S250722013987,XL Sweat,女士针织衫,毛衣连衣裙,4.6,https://p16-she-va.ibyteimg.com/tos-alisg-i-f7lenjegsh-sg/9f70d0f264b14611859782afa11958e0~tplv-g9dfdl17fc-origin-image.image,2025-07-27,,无样品共资,152,排名498,,https://shop.tiktok.com/view/product/1729587972920875337?region=GB&locale=en,23.1,,,
历史爆品,无消耗,1729429832832355657,S240929003994,XL Sweat,女士针织衫,毛衣开衫,4.6,https://p16-she-va.ibyteimg.com/tos-alisg-i-f7lenjegsh-sg/3cc04b803d6f4726a6b006fa4ce8849d~tplv-g9dfdl17fc-origin-image.image,2024-10-21,,无样品共资,133,排名499,In Affiliate,https://shop.tiktok.com/view/product/1729429832832355657?region=GB&locale=en,17.8,,,
历史爆品,无消耗,1729512532607146475,S250520002604,Finjani Plus,女士连衣裙,休闲连衣裙,4.6,https://p16-she-va.ibyteimg.com/tos-alisg-i-f7lenjegsh-sg/dcbd7b7de60e4839abf330dc74c52da1~tplv-g9dfdl17fc-origin-image.image,2025-05-21,,无样品共资,30,排名54,In Affiliate,https://shop.tiktok.com/view/product/1729512532607146475?region=GB&locale=en,14.1,,,
历史爆品,无消耗,1729427111876071145,S240827002068,Haku-Mata,牛仔,牛仔长裤,4.2,https://p16-she-va.ibyteimg.com/tos-maliva-i-g9dfdl17fc-us/2eac59cc59e048098b0d1e198e718a35~tplv-g9dfdl17fc-origin-image.image,2024-09-10,,无样品共资,343,排名500,,https://shop.tiktok.com/view/product/1729427111876071145?region=GB&locale=en,32.7,,,
历史爆品,无消耗,1729411268752477513,S240607001602,XL Sweat,女士针织衫,毛衣开衫,4.6,https://p16-she-va.ibyteimg.com/tos-alisg-i-f7lenjegsh-sg/9e2f12de4ed2404ab88a3fd09d8c4519~tplv-g9dfdl17fc-origin-image.image,2024-06-19,内容场占比低,无样品共资,56,排名249,In Affiliate,https://shop.tiktok.com/view/product/1729411268752477513?region=GB&locale=en,14.7,,,
历史爆品,无消耗,1729430433844923789,S241014006302,Rusttydustty Curve,女士连衣裙,休闲连衣裙,4.4,https://p16-she-va.ibyteimg.com/tos-alisg-i-f7lenjegsh-sg/e3d91d15e58e4b988b765206a02be408~tplv-g9dfdl17fc-origin-image.image,2024-10-21,内容场占比低,无样品共资,193,排名212,In Affiliate,https://shop.tiktok.com/view/product/1729430433844923789?region=GB&locale=en,31.0,,,
历史爆品,无消耗,1729633170280585334,S250909035969,Good Needlework,女士连衣裙,休闲连衣裙,4.4,https://p16-she-va.ibyteimg.com/tos-alisg-i-f7lenjegsh-sg/79a1fb756f49467fa9909f962d8929d2~tplv-g9dfdl17fc-origin-image.image,2025-09-12,内容场占比低,无样品共资,1143,排名279,In Affiliate,https://shop.tiktok.com/view/product/1729633170280585334?region=GB&locale=en,17.6,,,
历史爆品,低消耗,1729628746276968757,S250901018389,Fresharel,女士上装,女士休闲夹克和外套,4.4,https://p16-she-va.ibyteimg.com/tos-alisg-i-f7lenjegsh-sg/e94cc0748f904e71b5efff8830d97e51~tplv-g9dfdl17fc-origin-image.image,2025-09-07,内容场占比低,无样品共资,116,排名268,In Affiliate,https://shop.tiktok.com/view/product/1729628746276968757?region=GB&locale=en,23.3,,,
历史爆品,高投入,1729405909007830672,S240320003538,LILI.AN.SHOP,女士套装及西服,长裤套装,4.2,https://p16-she-va.ibyteimg.com/tos-alisg-i-f7lenjegsh-sg/235901e45e4a46a1856212de4dffc741~tplv-g9dfdl17fc-origin-image.image,2024-04-07,,无样品共资,33,排名246,In Affiliate,https://shop.tiktok.com/view/product/1729405909007830672?region=GB&locale=en,16.5,,,
历史爆品,高投入,1729422553420107408,S240716003265,LILI.AN.SHOP,女士上装,女士衬衫,4.2,https://p16-she-va.ibyteimg.com/tos-maliva-i-g9dfdl17fc-us/64057A1BFA9D9CDEOptimCopy~tplv-g9dfdl17fc-origin-image.image,2024-07-25,,无样品共资,71,排名501,,https://shop.tiktok.com/view/product/1729422553420107408?region=GB&locale=en,16.8,,,
历史爆品,无消耗,1729411112074776380,S240604004023,AIWEIEN Plus Size,女士套装及西服,长裤套装,4.3,https://p16-she-va.ibyteimg.com/tos-alisg-i-f7lenjegsh-sg/4f3a2abc44f94ab1aaf96a27ac9eb3a7~tplv-g9dfdl17fc-origin-image.image,2024-06-17,,无样品共资,402,排名113,In Affiliate,https://shop.tiktok.com/view/product/1729411112074776380?region=GB&locale=en,14.2,,,
历史爆品,无消耗,1729656988919306689,S251009032448,Giolshon Plus,女士上装,女士人造皮草夹克,4.2,https://p16-she-va.ibyteimg.com/tos-alisg-i-f7lenjegsh-sg/5ff4d7278cb5427eb80251d36d061f25~tplv-g9dfdl17fc-origin-image.image,2025-10-12,,无样品共资,30,排名502,,https://shop.tiktok.com/view/product/1729656988919306689?region=GB&locale=en,38.2,,,
历史爆品,高投入,1729400977492970839,S230825006381,FOXCLAW Curve,女士上装,女士衬衫,4.2,https://p16-she-va.ibyteimg.com/tos-alisg-i-f7lenjegsh-sg/3b519f00925b478cbda71a8454082197~tplv-g9dfdl17fc-origin-image.image,2023-09-04,,有样品额度,65,排名171,In Affiliate,https://shop.tiktok.com/view/product/1729400977492970839?region=GB&locale=en,11.6,,,
历史爆品,无消耗,1729401401174625976,S230920005424,Big Girls Apparel,女士连衣裙,休闲连衣裙,4.7,https://p16-she-va.ibyteimg.com/tos-alisg-i-f7lenjegsh-sg/cfdbe61d19f54b4ea8cc8833e181c294~tplv-g9dfdl17fc-origin-image.image,2023-10-05,,无样品共资,390,排名119,In Affiliate,https://shop.tiktok.com/view/product/1729401401174625976?region=GB&locale=en,19.5,,,
历史爆品,无消耗,1729403164245265805,S231206002949,Rusttydustty Curve,女士连衣裙,休闲连衣裙,4.4,https://p16-she-va.ibyteimg.com/tos-alisg-i-f7lenjegsh-sg/8d36b9520150489aa258164d5e8ffbef~tplv-g9dfdl17fc-origin-image.image,2023-12-26,内容场占比低,无样品共资,32,排名167,In Affiliate,https://shop.tiktok.com/view/product/1729403164245265805?region=GB&locale=en,18.8,,,
历史爆品,无消耗,1729596976213432567,S250804009740,Music eyes,女士针织衫,毛衣套头衫,4.5,https://p16-she-va.ibyteimg.com/tos-alisg-i-f7lenjegsh-sg/e0109ae8548049f2900640fd6e760c66~tplv-g9dfdl17fc-origin-image.image,2025-08-04,,无样品共资,1200,排名503,,https://shop.tiktok.com/view/product/1729596976213432567?region=GB&locale=en,26.7,,,
历史爆品,无消耗,1729632520019614345,S250905041407,PrettyCouture,女士上装,女士毛绒夹克,4.4,https://p16-she-va.ibyteimg.com/tos-alisg-i-f7lenjegsh-sg/3b270043c3664463a7e6d0195a74068c~tplv-g9dfdl17fc-origin-image.image,2025-09-11,,无样品共资,297,排名504,In Affiliate,https://shop.tiktok.com/view/product/1729632520019614345?region=GB&locale=en,12.7,,,
历史爆品,无消耗,1729422224249884495,S240705001676,URBANECHIC Sweater,女士针织衫,毛衣套头衫,,https://p16-she-va.ibyteimg.com/tos-maliva-i-g9dfdl17fc-us/939AB3647FBEC251OptimCopy~tplv-g9dfdl17fc-origin-image.image,2024-07-22,内容场占比低,无样品共资,386,排名123,In Affiliate,https://shop.tiktok.com/view/product/1729422224249884495?region=GB&locale=en,12.3,,,
历史爆品,无消耗,1729653326325520500,S251005005042,Kara Studio,女士上装,女士 T 恤,4.5,https://p16-she-va.ibyteimg.com/tos-maliva-i-g9dfdl17fc-us/d803b20b768a4aa8aae25d8b9107cdfe~tplv-g9dfdl17fc-origin-image.image,2025-10-10,内容场占比低,无样品共资,52,排名122,In Affiliate,https://shop.tiktok.com/view/product/1729653326325520500?region=GB&locale=en,14.4,,,
历史爆品,高投入,1729427915234905835,S240920003672,Bettlity,女士针织衫,毛衣套头衫,4.5,https://p16-she-va.ibyteimg.com/tos-maliva-i-g9dfdl17fc-us/0b01b304416f4513a8cd3579c2d255bb~tplv-g9dfdl17fc-origin-image.image,2024-09-23,,无样品共资,302,排名223,In Affiliate,https://shop.tiktok.com/view/product/1729427915234905835?region=GB&locale=en,21.8,,,
历史爆品,高投入,1729424393137065303,S240804000112,FOXCLAW Curve,女士上装,女士马甲,4.2,https://p16-she-va.ibyteimg.com/tos-alisg-i-f7lenjegsh-sg/728280e4208140668f80ebf092ad0fe5~tplv-g9dfdl17fc-origin-image.image,2024-08-15,内容场占比低,无样品共资,122,排名205,In Affiliate,https://shop.tiktok.com/view/product/1729424393137065303?region=GB&locale=en,11.2,,,
历史爆品,无消耗,1729476557399234633,S250314021254,Dragons Kaoru,女士连衣裙,休闲连衣裙,4.3,https://p16-she-va.ibyteimg.com/tos-alisg-i-f7lenjegsh-sg/07045f068f6442f6a9de86fb174c2bd2~tplv-g9dfdl17fc-origin-image.image,2025-03-30,,有样品额度,548,排名75,In Affiliate,https://shop.tiktok.com/view/product/1729476557399234633?region=GB&locale=en,20.3,,,
历史爆品,无消耗,1729658919077517385,S251011030907,Dragons Kaoru,女士下装,长裤,4.3,https://p16-she-va.ibyteimg.com/tos-alisg-i-f7lenjegsh-sg/5401c8255d1b42f2932933495546b8a0~tplv-g9dfdl17fc-origin-image.image,2025-10-21,,无样品共资,134,排名505,In Affiliate,https://shop.tiktok.com/view/product/1729658919077517385?region=GB&locale=en,12.5,,,
历史爆品,无消耗,1729469782068137735,S250305017898,UNITHORSE,女士连衣裙,派对礼服,4.4,https://p16-she-va.ibyteimg.com/tos-maliva-i-g9dfdl17fc-us/5e2a40f608124a599dc43c38df7b458b~tplv-g9dfdl17fc-origin-image.image,2025-03-14,,无样品共资,65,排名506,,https://shop.tiktok.com/view/product/1729469782068137735?region=GB&locale=en,36.6,,,
历史爆品,无消耗,1729592660759582793,S250710019652,Dragons Kaoru,女士连衣裙,休闲连衣裙,4.3,https://p16-she-va.ibyteimg.com/tos-maliva-i-g9dfdl17fc-us/D059F5C471F88B77OptimCopy~tplv-g9dfdl17fc-origin-image.image,2025-07-31,,无样品共资,90,排名507,In Affiliate,https://shop.tiktok.com/view/product/1729592660759582793?region=GB&locale=en,24.6,,,
历史爆品,无消耗,1729431815743901469,S241031004749,CBR Curve,女士上装,女士休闲夹克和外套,4.3,https://p16-she-va.ibyteimg.com/tos-alisg-i-f7lenjegsh-sg/0b032e5c0bfb4723ad8afcdf642d8b01~tplv-g9dfdl17fc-origin-image.image,2024-11-01,,无样品共资,42,排名508,,https://shop.tiktok.com/view/product/1729431815743901469?region=GB&locale=en,34.6,,,
历史爆品,低消耗,1729424115499371740,S240723005658,ZOHRA,女士下装,紧身裤,4.5,https://p16-she-va.ibyteimg.com/tos-alisg-i-f7lenjegsh-sg/dc8e97a132634dc2bee509001b8dc314~tplv-g9dfdl17fc-origin-image.image,2024-08-12,内容场占比低,有样品额度,105,排名77,In Affiliate,https://shop.tiktok.com/view/product/1729424115499371740?region=GB&locale=en,28.2,,,
历史爆品,无消耗,1729410711582707017,S240524007432,XL Sweat,女士针织衫,毛衣开衫,4.6,https://p16-she-va.ibyteimg.com/tos-alisg-i-f7lenjegsh-sg/94f8a89c0b4441059dbe35fdb81155d6~tplv-g9dfdl17fc-origin-image.image,2024-06-11,,无样品共资,389,排名174,In Affiliate,https://shop.tiktok.com/view/product/1729410711582707017?region=GB&locale=en,17.0,,,
历史爆品,无消耗,1729612959268641784,S250813004270,ModaTheme,女士连衣裙,休闲连衣裙,4.4,https://p16-she-va.ibyteimg.com/tos-alisg-i-f7lenjegsh-sg/3ac6e39c82dc46cf969f0916c6477e4f~tplv-g9dfdl17fc-origin-image.image,2025-08-19,,无样品共资,377,排名509,In Affiliate,https://shop.tiktok.com/view/product/1729612959268641784?region=GB&locale=en,23.5,,,
历史爆品,低消耗,1729559499050883292,S250624008509,ZOHRA,女士下装,长裤,4.5,https://p16-she-va.ibyteimg.com/tos-maliva-i-g9dfdl17fc-us/a82f973b7c884f77bafa391800dd5355~tplv-g9dfdl17fc-origin-image.image,2025-06-30,内容场占比低,有样品额度,60,排名153,In Affiliate,https://shop.tiktok.com/view/product/1729559499050883292?region=GB&locale=en,29.1,,,
历史爆品,无消耗,1729638693649225801,S250907019624,Dragons Kaoru,女士上装,女士衬衫,4.3,https://p16-she-va.ibyteimg.com/tos-maliva-i-g9dfdl17fc-us/b19b5fb1e22448d78d18d196ca357dab~tplv-g9dfdl17fc-origin-image.image,2025-09-18,,无样品共资,69,排名510,In Affiliate,https://shop.tiktok.com/view/product/1729638693649225801?region=GB&locale=en,12.1,,,
历史爆品,低消耗,1729644966708222815,S250922025485,Chic Curves,女士连衣裙,休闲连衣裙,4,https://p16-she-va.ibyteimg.com/tos-alisg-i-f7lenjegsh-sg/84282b0845f344ac8f95101b6b67304c~tplv-g9dfdl17fc-origin-image.image,2025-09-25,内容场占比低,无样品共资,91,排名240,In Affiliate,https://shop.tiktok.com/view/product/1729644966708222815?region=GB&locale=en,16.6,,,
历史爆品,无消耗,1729624656069171649,S250807011150,Giolshon Plus,女士上装,女士棉服,4.2,https://p16-she-va.ibyteimg.com/tos-alisg-i-f7lenjegsh-sg/e89b94fe03604575a8c41151f621691a~tplv-g9dfdl17fc-origin-image.image,2025-09-02,,无样品共资,51,排名511,,https://shop.tiktok.com/view/product/1729624656069171649?region=GB&locale=en,67.9,,,
历史爆品,无消耗,1729429906983915221,S240927009297,DAMEI FASHION,女士针织衫,毛衣开衫,,https://p16-she-va.ibyteimg.com/tos-alisg-i-f7lenjegsh-sg/d2c44348bbdc408c89cfd2b49c88d4b5~tplv-g9dfdl17fc-origin-image.image,2024-10-17,内容场占比低,无样品共资,33,排名265,In Affiliate,https://shop.tiktok.com/view/product/1729429906983915221?region=GB&locale=en,19.6,,,
历史爆品,无消耗,1729421701703175585,S240706004773,Lisi Hui Clothing Co,女士上装,女士 T 恤,4.4,https://p16-she-va.ibyteimg.com/tos-alisg-i-f7lenjegsh-sg/94a1b9b7b85c4800b142160a03c49b98~tplv-g9dfdl17fc-origin-image.image,2024-07-16,,无样品共资,57,排名219,In Affiliate,https://shop.tiktok.com/view/product/1729421701703175585?region=GB&locale=en,14.5,,,
历史爆品,无消耗,1729483240694913769,S250408008475,Haku-Mata,牛仔,牛仔长裤,4.2,https://p16-she-va.ibyteimg.com/tos-maliva-i-g9dfdl17fc-us/03da9cb5a8b04fe4a77a7173c7d81380~tplv-g9dfdl17fc-origin-image.image,2025-04-10,内容场占比低,无样品共资,235,排名162,In Affiliate,https://shop.tiktok.com/view/product/1729483240694913769?region=GB&locale=en,19.1,,,
历史爆品,高投入,1729577029286795607,S250704010048,FOXCLAW Curve,女士下装,长裤,4.2,https://p16-she-va.ibyteimg.com/tos-alisg-i-f7lenjegsh-sg/04d6da127f7f4c81b1e32279556cbfb0~tplv-g9dfdl17fc-origin-image.image,2025-07-17,内容场占比低,无样品共资,74,排名193,In Affiliate,https://shop.tiktok.com/view/product/1729577029286795607?region=GB&locale=en,13.7,,,
历史爆品,无消耗,1729429859275017613,S241010008877,Rusttydustty Curve,女士连衣裙,休闲连衣裙,4.4,https://p16-she-va.ibyteimg.com/tos-maliva-i-g9dfdl17fc-us/DFC92DAC3EE8B31DOptimCopy~tplv-g9dfdl17fc-origin-image.image,2024-10-16,内容场占比低,样品额度低,359,排名63,In Affiliate,https://shop.tiktok.com/view/product/1729429859275017613?region=GB&locale=en,16.1,,,
历史爆品,无消耗,1729422671406337720,S240713004157,Big Girls Apparel,女士连衣裙,休闲连衣裙,4.7,https://p16-she-va.ibyteimg.com/tos-maliva-i-g9dfdl17fc-us/B780925C4C3E2796OptimCopy~tplv-g9dfdl17fc-origin-image.image,2024-07-26,,无样品共资,235,排名187,In Affiliate,https://shop.tiktok.com/view/product/1729422671406337720?region=GB&locale=en,23.8,,,
历史爆品,无消耗,1729554438875159104,S250626003543,JYLINN Cruve,女士连衣裙,休闲连衣裙,4.5,https://p16-she-va.ibyteimg.com/tos-alisg-i-f7lenjegsh-sg/0f3bf297496147ddbf87ac83e88e3d77~tplv-g9dfdl17fc-origin-image.image,2025-06-26,,无样品共资,160,排名512,,https://shop.tiktok.com/view/product/1729554438875159104?region=GB&locale=en,11.0,,,
历史爆品,无消耗,1729422223928560665,S240709000414,NS Dress,女士连衣裙,休闲连衣裙,4.2,https://p16-she-va.ibyteimg.com/tos-alisg-i-f7lenjegsh-sg/73b9ff98b5444774b6c5d8c7f177507a~tplv-g9dfdl17fc-origin-image.image,2024-07-22,,无样品共资,148,排名141,In Affiliate,https://shop.tiktok.com/view/product/1729422223928560665?region=GB&locale=en,24.0,,,
历史爆品,无消耗,1729444446995975617,S241213005153,Giolshon Plus,女士上装,女士棉服,4.2,https://p16-she-va.ibyteimg.com/tos-alisg-i-f7lenjegsh-sg/a467581605f548a3bbdcd12eef2af794~tplv-g9dfdl17fc-origin-image.image,2024-12-23,,无样品共资,108,排名513,,https://shop.tiktok.com/view/product/1729444446995975617?region=GB&locale=en,47.0,,,
历史爆品,无消耗,1729602063152945883,S250805014345,Curvelady,女士针织衫,毛衣套头衫,,https://p16-she-va.ibyteimg.com/tos-alisg-i-f7lenjegsh-sg/61b323c419b74a2893c55c6ba427cd4a~tplv-g9dfdl17fc-origin-image.image,2025-08-09,内容场占比低,无样品共资,293,排名146,In Affiliate,https://shop.tiktok.com/view/product/1729602063152945883?region=GB&locale=en,13.5,,,
历史爆品,无消耗,1729434203071745498,S241028004518,WM.CLOTHING,女士上装,女士 T 恤,4.7,https://p16-she-va.ibyteimg.com/tos-alisg-i-f7lenjegsh-sg/fccadcbb60e0461287228da80d9085f6~tplv-g9dfdl17fc-origin-image.image,2024-11-14,内容场占比低,无样品共资,45,排名271,In Affiliate,https://shop.tiktok.com/view/product/1729434203071745498?region=GB&locale=en,9.0,,,
历史爆品,无消耗,1729622245649521037,S250826006787,Rusttydustty Curve,女士连衣裙,休闲连衣裙,4.4,https://p16-she-va.ibyteimg.com/tos-maliva-i-g9dfdl17fc-us/702a4a9924a84e4dbc239b767404a806~tplv-g9dfdl17fc-origin-image.image,2025-08-30,内容场占比低,无样品共资,39,排名184,In Affiliate,https://shop.tiktok.com/view/product/1729622245649521037?region=GB&locale=en,18.7,,,
历史爆品,高投入,1729404770132462935,S240220002655,FOXCLAW Curve,女士上装,女士衬衫,4.2,https://p16-she-va.ibyteimg.com/tos-alisg-i-f7lenjegsh-sg/c291fe59d1ef4774919fec5001a9cacb~tplv-g9dfdl17fc-origin-image.image,2024-03-04,内容场占比低,无样品共资,155,排名165,In Affiliate,https://shop.tiktok.com/view/product/1729404770132462935?region=GB&locale=en,11.2,,,
历史爆品,无消耗,1729614469377923660,S250802006985,XGZ Clothing Stores,女士上装,女士休闲夹克和外套,4.5,https://p16-she-va.ibyteimg.com/tos-maliva-i-g9dfdl17fc-us/72755d2347ce42d790f1174ca7f0ee15~tplv-g9dfdl17fc-origin-image.image,2025-08-21,,无样品共资,60,排名514,,https://shop.tiktok.com/view/product/1729614469377923660?region=GB&locale=en,20.1,,,
历史爆品,无消耗,1729649232588937230,S250930001895,Astrid Chic Shop,女士上装,女士羊毛和短呢大衣,4.4,https://p16-she-va.ibyteimg.com/tos-maliva-i-g9dfdl17fc-us/60641839dd8f4566ade0fb32d0361850~tplv-g9dfdl17fc-origin-image.image,2025-09-30,,无样品共资,391,排名515,,https://shop.tiktok.com/view/product/1729649232588937230?region=GB&locale=en,21.0,,,
历史爆品,无消耗,1729450655240261063,S250102000638,SHINE FLY,女士连衣裙,休闲连衣裙,4.4,https://p16-she-va.ibyteimg.com/tos-alisg-i-f7lenjegsh-sg/0c5460d777984201a9624c4a2c9271dc~tplv-g9dfdl17fc-origin-image.image,2025-01-08,,无样品共资,42,排名516,In Affiliate,https://shop.tiktok.com/view/product/1729450655240261063?region=GB&locale=en,18.9,,,
历史爆品,无消耗,1729453672816348233,S241229004242,Dragons Kaoru,女士连衣裙,休闲连衣裙,4.3,https://p16-she-va.ibyteimg.com/tos-alisg-i-f7lenjegsh-sg/b12f7bc48b2f40f091076eadd7e781c6~tplv-g9dfdl17fc-origin-image.image,2025-01-15,,无样品共资,144,排名125,In Affiliate,https://shop.tiktok.com/view/product/1729453672816348233?region=GB&locale=en,13.8,,,